i, t, I, Q
0, 0.000000, 0.000000, 10.000000
1, 0.010000, -0.033158, 10.000000
2, 0.020000, -0.065934, 9.999667
3, 0.030000, -0.098334, 9.999004
4, 0.040000, -0.130359, 9.998016
5, 0.050000, -0.162014, 9.996706
6, 0.060000, -0.193300, 9.995078
7, 0.070000, -0.224222, 9.993135
8, 0.080000, -0.254783, 9.990881
9, 0.090000, -0.284985, 9.988321
10, 0.100000, -0.314833, 9.985457
11, 0.110000, -0.344327, 9.982293
12, 0.120000, -0.373473, 9.978832
13, 0.130000, -0.402273, 9.975079
14, 0.140000, -0.430730, 9.971036
15, 0.150000, -0.458847, 9.966707
16, 0.160000, -0.486626, 9.962096
17, 0.170000, -0.514071, 9.957205
18, 0.180000, -0.541185, 9.952039
19, 0.190000, -0.567971, 9.946600
20, 0.200000, -0.594431, 9.940892
21, 0.210000, -0.620568, 9.934918
22, 0.220000, -0.646386, 9.928681
23, 0.230000, -0.671886, 9.922185
24, 0.240000, -0.697073, 9.915432
25, 0.250000, -0.721947, 9.908427
26, 0.260000, -0.746513, 9.901171
27, 0.270000, -0.770773, 9.893669
28, 0.280000, -0.794729, 9.885922
29, 0.290000, -0.818385, 9.877935
30, 0.300000, -0.841743, 9.869711
31, 0.310000, -0.864805, 9.861251
32, 0.320000, -0.887574, 9.852560
33, 0.330000, -0.910054, 9.843640
34, 0.340000, -0.932245, 9.834494
35, 0.350000, -0.954152, 9.825125
36, 0.360000, -0.975776, 9.815535
37, 0.370000, -0.997120, 9.805729
38, 0.380000, -1.018186, 9.795708
39, 0.390000, -1.038978, 9.785475
40, 0.400000, -1.059497, 9.775033
41, 0.410000, -1.079745, 9.764385
42, 0.420000, -1.099726, 9.753534
43, 0.430000, -1.119442, 9.742482
44, 0.440000, -1.138894, 9.731231
45, 0.450000, -1.158086, 9.719785
46, 0.460000, -1.177020, 9.708147
47, 0.470000, -1.195697, 9.696318
48, 0.480000, -1.214122, 9.684301
49, 0.490000, -1.232294, 9.672099
50, 0.500000, -1.250218, 9.659714
51, 0.510000, -1.267895, 9.647150
52, 0.520000, -1.285327, 9.634407
53, 0.530000, -1.302517, 9.621490
54, 0.540000, -1.319467, 9.608399
55, 0.550000, -1.336179, 9.595139
56, 0.560000, -1.352655, 9.581710
57, 0.570000, -1.368897, 9.568116
58, 0.580000, -1.384908, 9.554359
59, 0.590000, -1.400689, 9.540440
60, 0.600000, -1.416244, 9.526363
61, 0.610000, -1.431572, 9.512130
62, 0.620000, -1.446678, 9.497743
63, 0.630000, -1.461563, 9.483204
64, 0.640000, -1.476229, 9.468515
65, 0.650000, -1.490677, 9.453679
66, 0.660000, -1.504911, 9.438698
67, 0.670000, -1.518931, 9.423573
68, 0.680000, -1.532740, 9.408308
69, 0.690000, -1.546341, 9.392904
70, 0.700000, -1.559734, 9.377363
71, 0.710000, -1.572922, 9.361688
72, 0.720000, -1.585906, 9.345880
73, 0.730000, -1.598689, 9.329942
74, 0.740000, -1.611272, 9.313875
75, 0.750000, -1.623658, 9.297682
76, 0.760000, -1.635848, 9.281364
77, 0.770000, -1.647844, 9.264923
78, 0.780000, -1.659647, 9.248363
79, 0.790000, -1.671261, 9.231683
80, 0.800000, -1.682685, 9.214887
81, 0.810000, -1.693923, 9.197976
82, 0.820000, -1.704976, 9.180952
83, 0.830000, -1.715845, 9.163817
84, 0.840000, -1.726533, 9.146573
85, 0.850000, -1.737041, 9.129221
86, 0.860000, -1.747371, 9.111764
87, 0.870000, -1.757525, 9.094203
88, 0.880000, -1.767503, 9.076540
89, 0.890000, -1.777309, 9.058776
90, 0.900000, -1.786943, 9.040914
91, 0.910000, -1.796407, 9.022956
92, 0.920000, -1.805704, 9.004902
93, 0.930000, -1.814833, 8.986754
94, 0.940000, -1.823798, 8.968515
95, 0.950000, -1.832599, 8.950186
96, 0.960000, -1.841239, 8.931769
97, 0.970000, -1.849718, 8.913264
98, 0.980000, -1.858039, 8.894674
99, 0.990000, -1.866202, 8.876001
100, 1.000000, -1.874210, 8.857246
101, 1.010000, -1.882064, 8.838410
102, 1.020000, -1.889765, 8.819495
103, 1.030000, -1.897315, 8.800503
104, 1.040000, -1.904716, 8.781435
105, 1.050000, -1.911968, 8.762293
106, 1.060000, -1.919074, 8.743077
107, 1.070000, -1.926034, 8.723791
108, 1.080000, -1.932850, 8.704434
109, 1.090000, -1.939525, 8.685009
110, 1.100000, -1.946058, 8.665517
111, 1.110000, -1.952451, 8.645959
112, 1.120000, -1.958707, 8.626337
113, 1.130000, -1.964825, 8.606652
114, 1.140000, -1.970808, 8.586905
115, 1.150000, -1.976657, 8.567099
116, 1.160000, -1.982373, 8.547233
117, 1.170000, -1.987958, 8.527310
118, 1.180000, -1.993412, 8.507331
119, 1.190000, -1.998738, 8.487298
120, 1.200000, -2.003936, 8.467210
121, 1.210000, -2.009008, 8.447071
122, 1.220000, -2.013955, 8.426880
123, 1.230000, -2.018778, 8.406640
124, 1.240000, -2.023479, 8.386351
125, 1.250000, -2.028058, 8.366015
126, 1.260000, -2.032518, 8.345633
127, 1.270000, -2.036859, 8.325206
128, 1.280000, -2.041082, 8.304736
129, 1.290000, -2.045189, 8.284223
130, 1.300000, -2.049181, 8.263669
131, 1.310000, -2.053059, 8.243075
132, 1.320000, -2.056824, 8.222441
133, 1.330000, -2.060478, 8.201770
134, 1.340000, -2.064021, 8.181063
135, 1.350000, -2.067454, 8.160319
136, 1.360000, -2.070780, 8.139541
137, 1.370000, -2.073999, 8.118730
138, 1.380000, -2.077111, 8.097886
139, 1.390000, -2.080119, 8.077011
140, 1.400000, -2.083023, 8.056106
141, 1.410000, -2.085825, 8.035172
142, 1.420000, -2.088525, 8.014209
143, 1.430000, -2.091124, 7.993219
144, 1.440000, -2.093624, 7.972204
145, 1.450000, -2.096026, 7.951163
146, 1.460000, -2.098330, 7.930098
147, 1.470000, -2.100539, 7.909009
148, 1.480000, -2.102651, 7.887899
149, 1.490000, -2.104670, 7.866767
150, 1.500000, -2.106596, 7.845615
151, 1.510000, -2.108429, 7.824444
152, 1.520000, -2.110171, 7.803254
153, 1.530000, -2.111823, 7.782047
154, 1.540000, -2.113386, 7.760823
155, 1.550000, -2.114860, 7.739584
156, 1.560000, -2.116247, 7.718330
157, 1.570000, -2.117548, 7.697061
158, 1.580000, -2.118763, 7.675780
159, 1.590000, -2.119894, 7.654486
160, 1.600000, -2.120941, 7.633181
161, 1.610000, -2.121905, 7.611866
162, 1.620000, -2.122788, 7.590541
163, 1.630000, -2.123590, 7.569207
164, 1.640000, -2.124312, 7.547865
165, 1.650000, -2.124956, 7.526515
166, 1.660000, -2.125521, 7.505160
167, 1.670000, -2.126008, 7.483798
168, 1.680000, -2.126420, 7.462432
169, 1.690000, -2.126755, 7.441061
170, 1.700000, -2.127017, 7.419687
171, 1.710000, -2.127204, 7.398311
172, 1.720000, -2.127318, 7.376932
173, 1.730000, -2.127360, 7.355553
174, 1.740000, -2.127331, 7.334173
175, 1.750000, -2.127231, 7.312793
176, 1.760000, -2.127062, 7.291415
177, 1.770000, -2.126824, 7.270038
178, 1.780000, -2.126517, 7.248663
179, 1.790000, -2.126143, 7.227291
180, 1.800000, -2.125703, 7.205924
181, 1.810000, -2.125197, 7.184560
182, 1.820000, -2.124626, 7.163202
183, 1.830000, -2.123991, 7.141850
184, 1.840000, -2.123292, 7.120504
185, 1.850000, -2.122531, 7.099165
186, 1.860000, -2.121707, 7.077833
187, 1.870000, -2.120822, 7.056510
188, 1.880000, -2.119877, 7.035196
189, 1.890000, -2.118872, 7.013891
190, 1.900000, -2.117808, 6.992596
191, 1.910000, -2.116686, 6.971312
192, 1.920000, -2.115506, 6.950040
193, 1.930000, -2.114269, 6.928779
194, 1.940000, -2.112975, 6.907530
195, 1.950000, -2.111627, 6.886295
196, 1.960000, -2.110223, 6.865073
197, 1.970000, -2.108765, 6.843865
198, 1.980000, -2.107253, 6.822672
199, 1.990000, -2.105689, 6.801494
200, 2.000000, -2.104072, 6.780332
201, 2.010000, -2.102404, 6.759186
202, 2.020000, -2.100685, 6.738057
203, 2.030000, -2.098916, 6.716945
204, 2.040000, -2.097097, 6.695851
205, 2.050000, -2.095229, 6.674775
206, 2.060000, -2.093312, 6.653718
207, 2.070000, -2.091348, 6.632680
208, 2.080000, -2.089336, 6.611662
209, 2.090000, -2.087279, 6.590665
210, 2.100000, -2.085175, 6.569687
211, 2.110000, -2.083025, 6.548731
212, 2.120000, -2.080831, 6.527797
213, 2.130000, -2.078593, 6.506885
214, 2.140000, -2.076311, 6.485995
215, 2.150000, -2.073986, 6.465128
216, 2.160000, -2.071619, 6.444284
217, 2.170000, -2.069209, 6.423465
218, 2.180000, -2.066759, 6.402669
219, 2.190000, -2.064267, 6.381898
220, 2.200000, -2.061736, 6.361152
221, 2.210000, -2.059164, 6.340432
222, 2.220000, -2.056554, 6.319737
223, 2.230000, -2.053905, 6.299069
224, 2.240000, -2.051218, 6.278427
225, 2.250000, -2.048493, 6.257812
226, 2.260000, -2.045731, 6.237225
227, 2.270000, -2.042933, 6.216665
228, 2.280000, -2.040098, 6.196134
229, 2.290000, -2.037229, 6.175631
230, 2.300000, -2.034324, 6.155157
231, 2.310000, -2.031384, 6.134712
232, 2.320000, -2.028411, 6.114296
233, 2.330000, -2.025404, 6.093911
234, 2.340000, -2.022364, 6.073556
235, 2.350000, -2.019292, 6.053231
236, 2.360000, -2.016187, 6.032937
237, 2.370000, -2.013051, 6.012674
238, 2.380000, -2.009884, 5.992443
239, 2.390000, -2.006686, 5.972244
240, 2.400000, -2.003458, 5.952076
241, 2.410000, -2.000200, 5.931942
242, 2.420000, -1.996912, 5.911840
243, 2.430000, -1.993596, 5.891771
244, 2.440000, -1.990251, 5.871735
245, 2.450000, -1.986879, 5.851733
246, 2.460000, -1.983479, 5.831765
247, 2.470000, -1.980051, 5.811831
248, 2.480000, -1.976597, 5.791931
249, 2.490000, -1.973117, 5.772067
250, 2.500000, -1.969611, 5.752237
251, 2.510000, -1.966079, 5.732442
252, 2.520000, -1.962522, 5.712683
253, 2.530000, -1.958941, 5.692960
254, 2.540000, -1.955335, 5.673272
255, 2.550000, -1.951706, 5.653621
256, 2.560000, -1.948053, 5.634007
257, 2.570000, -1.944376, 5.614429
258, 2.580000, -1.940678, 5.594888
259, 2.590000, -1.936957, 5.575384
260, 2.600000, -1.933214, 5.555918
261, 2.610000, -1.929449, 5.536489
262, 2.620000, -1.925664, 5.517098
263, 2.630000, -1.921857, 5.497745
264, 2.640000, -1.918030, 5.478430
265, 2.650000, -1.914183, 5.459154
266, 2.660000, -1.910317, 5.439916
267, 2.670000, -1.906431, 5.420718
268, 2.680000, -1.902526, 5.401558
269, 2.690000, -1.898602, 5.382438
270, 2.700000, -1.894660, 5.363357
271, 2.710000, -1.890700, 5.344316
272, 2.720000, -1.886722, 5.325314
273, 2.730000, -1.882727, 5.306352
274, 2.740000, -1.878715, 5.287431
275, 2.750000, -1.874687, 5.268550
276, 2.760000, -1.870642, 5.249709
277, 2.770000, -1.866581, 5.230909
278, 2.780000, -1.862504, 5.212150
279, 2.790000, -1.858412, 5.193432
280, 2.800000, -1.854305, 5.174755
281, 2.810000, -1.850183, 5.156119
282, 2.820000, -1.846047, 5.137525
283, 2.830000, -1.841897, 5.118972
284, 2.840000, -1.837732, 5.100461
285, 2.850000, -1.833555, 5.081992
286, 2.860000, -1.829364, 5.063565
287, 2.870000, -1.825160, 5.045180
288, 2.880000, -1.820943, 5.026837
289, 2.890000, -1.816714, 5.008536
290, 2.900000, -1.812473, 4.990278
291, 2.910000, -1.808220, 4.972063
292, 2.920000, -1.803956, 4.953890
293, 2.930000, -1.799680, 4.935761
294, 2.940000, -1.795393, 4.917674
295, 2.950000, -1.791096, 4.899630
296, 2.960000, -1.786788, 4.881630
297, 2.970000, -1.782470, 4.863672
298, 2.980000, -1.778142, 4.845758
299, 2.990000, -1.773804, 4.827888
300, 3.000000, -1.769457, 4.810061
301, 3.010000, -1.765100, 4.792278
302, 3.020000, -1.760735, 4.774539
303, 3.030000, -1.756361, 4.756844
304, 3.040000, -1.751979, 4.739192
305, 3.050000, -1.747588, 4.721585
306, 3.060000, -1.743190, 4.704022
307, 3.070000, -1.738784, 4.686503
308, 3.080000, -1.734370, 4.669028
309, 3.090000, -1.729949, 4.651597
310, 3.100000, -1.725521, 4.634211
311, 3.110000, -1.721086, 4.616870
312, 3.120000, -1.716645, 4.599573
313, 3.130000, -1.712198, 4.582321
314, 3.140000, -1.707744, 4.565113
315, 3.150000, -1.703284, 4.547950
316, 3.160000, -1.698819, 4.530832
317, 3.170000, -1.694348, 4.513759
318, 3.180000, -1.689872, 4.496731
319, 3.190000, -1.685391, 4.479748
320, 3.200000, -1.680905, 4.462810
321, 3.210000, -1.676415, 4.445916
322, 3.220000, -1.671920, 4.429069
323, 3.230000, -1.667420, 4.412266
324, 3.240000, -1.662917, 4.395508
325, 3.250000, -1.658410, 4.378796
326, 3.260000, -1.653899, 4.362129
327, 3.270000, -1.649385, 4.345507
328, 3.280000, -1.644868, 4.328931
329, 3.290000, -1.640347, 4.312400
330, 3.300000, -1.635824, 4.295914
331, 3.310000, -1.631298, 4.279474
332, 3.320000, -1.626769, 4.263080
333, 3.330000, -1.622238, 4.246731
334, 3.340000, -1.617705, 4.230427
335, 3.350000, -1.613170, 4.214169
336, 3.360000, -1.608633, 4.197957
337, 3.370000, -1.604094, 4.181790
338, 3.380000, -1.599554, 4.165669
339, 3.390000, -1.595013, 4.149594
340, 3.400000, -1.590470, 4.133564
341, 3.410000, -1.585927, 4.117579
342, 3.420000, -1.581383, 4.101641
343, 3.430000, -1.576838, 4.085748
344, 3.440000, -1.572292, 4.069901
345, 3.450000, -1.567747, 4.054099
346, 3.460000, -1.563201, 4.038343
347, 3.470000, -1.558655, 4.022633
348, 3.480000, -1.554109, 4.006969
349, 3.490000, -1.549563, 3.991350
350, 3.500000, -1.545018, 3.975777
351, 3.510000, -1.540473, 3.960249
352, 3.520000, -1.535930, 3.944768
353, 3.530000, -1.531387, 3.929332
354, 3.540000, -1.526844, 3.913941
355, 3.550000, -1.522304, 3.898596
356, 3.560000, -1.517764, 3.883297
357, 3.570000, -1.513226, 3.868044
358, 3.580000, -1.508689, 3.852836
359, 3.590000, -1.504154, 3.837673
360, 3.600000, -1.499621, 3.822557
361, 3.610000, -1.495090, 3.807485
362, 3.620000, -1.490561, 3.792460
363, 3.630000, -1.486034, 3.777480
364, 3.640000, -1.481509, 3.762545
365, 3.650000, -1.476987, 3.747656
366, 3.660000, -1.472467, 3.732812
367, 3.670000, -1.467951, 3.718014
368, 3.680000, -1.463437, 3.703261
369, 3.690000, -1.458925, 3.688553
370, 3.700000, -1.454417, 3.673891
371, 3.710000, -1.449912, 3.659274
372, 3.720000, -1.445411, 3.644703
373, 3.730000, -1.440912, 3.630176
374, 3.740000, -1.436418, 3.615695
375, 3.750000, -1.431926, 3.601259
376, 3.760000, -1.427439, 3.586868
377, 3.770000, -1.422955, 3.572523
378, 3.780000, -1.418476, 3.558222
379, 3.790000, -1.414000, 3.543966
380, 3.800000, -1.409529, 3.529755
381, 3.810000, -1.405061, 3.515590
382, 3.820000, -1.400598, 3.501469
383, 3.830000, -1.396140, 3.487393
384, 3.840000, -1.391686, 3.473362
385, 3.850000, -1.387237, 3.459375
386, 3.860000, -1.382792, 3.445433
387, 3.870000, -1.378352, 3.431536
388, 3.880000, -1.373917, 3.417684
389, 3.890000, -1.369487, 3.403876
390, 3.900000, -1.365063, 3.390113
391, 3.910000, -1.360643, 3.376394
392, 3.920000, -1.356229, 3.362719
393, 3.930000, -1.351820, 3.349089
394, 3.940000, -1.347416, 3.335504
395, 3.950000, -1.343018, 3.321962
396, 3.960000, -1.338626, 3.308465
397, 3.970000, -1.334239, 3.295011
398, 3.980000, -1.329858, 3.281602
399, 3.990000, -1.325483, 3.268237
400, 4.000000, -1.321114, 3.254916
401, 4.010000, -1.316751, 3.241639
402, 4.020000, -1.312394, 3.228406
403, 4.030000, -1.308043, 3.215216
404, 4.040000, -1.303699, 3.202070
405, 4.050000, -1.299360, 3.188968
406, 4.060000, -1.295029, 3.175909
407, 4.070000, -1.290703, 3.162894
408, 4.080000, -1.286384, 3.149923
409, 4.090000, -1.282072, 3.136995
410, 4.100000, -1.277766, 3.124110
411, 4.110000, -1.273467, 3.111268
412, 4.120000, -1.269175, 3.098470
413, 4.130000, -1.264890, 3.085715
414, 4.140000, -1.260611, 3.073003
415, 4.150000, -1.256340, 3.060333
416, 4.160000, -1.252076, 3.047707
417, 4.170000, -1.247818, 3.035124
418, 4.180000, -1.243568, 3.022583
419, 4.190000, -1.239326, 3.010085
420, 4.200000, -1.235090, 2.997630
421, 4.210000, -1.230862, 2.985218
422, 4.220000, -1.226641, 2.972847
423, 4.230000, -1.222428, 2.960520
424, 4.240000, -1.218222, 2.948234
425, 4.250000, -1.214024, 2.935991
426, 4.260000, -1.209833, 2.923790
427, 4.270000, -1.205650, 2.911631
428, 4.280000, -1.201475, 2.899515
429, 4.290000, -1.197308, 2.887440
430, 4.300000, -1.193148, 2.875407
431, 4.310000, -1.188996, 2.863416
432, 4.320000, -1.184853, 2.851466
433, 4.330000, -1.180717, 2.839559
434, 4.340000, -1.176589, 2.827692
435, 4.350000, -1.172469, 2.815868
436, 4.360000, -1.168357, 2.804084
437, 4.370000, -1.164254, 2.792342
438, 4.380000, -1.160159, 2.780642
439, 4.390000, -1.156072, 2.768982
440, 4.400000, -1.151993, 2.757363
441, 4.410000, -1.147922, 2.745786
442, 4.420000, -1.143860, 2.734249
443, 4.430000, -1.139807, 2.722753
444, 4.440000, -1.135761, 2.711298
445, 4.450000, -1.131725, 2.699884
446, 4.460000, -1.127696, 2.688510
447, 4.470000, -1.123677, 2.677177
448, 4.480000, -1.119665, 2.665884
449, 4.490000, -1.115663, 2.654631
450, 4.500000, -1.111669, 2.643419
451, 4.510000, -1.107684, 2.632247
452, 4.520000, -1.103708, 2.621114
453, 4.530000, -1.099740, 2.610022
454, 4.540000, -1.095781, 2.598970
455, 4.550000, -1.091831, 2.587957
456, 4.560000, -1.087890, 2.576984
457, 4.570000, -1.083957, 2.566051
458, 4.580000, -1.080034, 2.555157
459, 4.590000, -1.076120, 2.544303
460, 4.600000, -1.072214, 2.533488
461, 4.610000, -1.068318, 2.522712
462, 4.620000, -1.064430, 2.511975
463, 4.630000, -1.060552, 2.501278
464, 4.640000, -1.056682, 2.490619
465, 4.650000, -1.052822, 2.480000
466, 4.660000, -1.048971, 2.469419
467, 4.670000, -1.045129, 2.458877
468, 4.680000, -1.041296, 2.448373
469, 4.690000, -1.037472, 2.437908
470, 4.700000, -1.033658, 2.427482
471, 4.710000, -1.029853, 2.417093
472, 4.720000, -1.026057, 2.406743
473, 4.730000, -1.022270, 2.396431
474, 4.740000, -1.018493, 2.386158
475, 4.750000, -1.014725, 2.375922
476, 4.760000, -1.010966, 2.365724
477, 4.770000, -1.007217, 2.355564
478, 4.780000, -1.003477, 2.345441
479, 4.790000, -0.999746, 2.335356
480, 4.800000, -0.996025, 2.325309
481, 4.810000, -0.992313, 2.315299
482, 4.820000, -0.988611, 2.305326
483, 4.830000, -0.984918, 2.295390
484, 4.840000, -0.981235, 2.285492
485, 4.850000, -0.977561, 2.275630
486, 4.860000, -0.973896, 2.265806
487, 4.870000, -0.970241, 2.256018
488, 4.880000, -0.966596, 2.246267
489, 4.890000, -0.962960, 2.236553
490, 4.900000, -0.959334, 2.226875
491, 4.910000, -0.955717, 2.217234
492, 4.920000, -0.952110, 2.207629
493, 4.930000, -0.948512, 2.198060
494, 4.940000, -0.944924, 2.188528
495, 4.950000, -0.941346, 2.179031
496, 4.960000, -0.937777, 2.169571
497, 4.970000, -0.934218, 2.160146
498, 4.980000, -0.930668, 2.150757
499, 4.990000, -0.927128, 2.141404
500, 5.000000, -0.923598, 2.132086
501, 5.010000, -0.920078, 2.122804
502, 5.020000, -0.916567, 2.113557
503, 5.030000, -0.913065, 2.104346
504, 5.040000, -0.909574, 2.095170
505, 5.050000, -0.906092, 2.086028
506, 5.060000, -0.902619, 2.076922
507, 5.070000, -0.899157, 2.067851
508, 5.080000, -0.895704, 2.058814
509, 5.090000, -0.892261, 2.049813
510, 5.100000, -0.888827, 2.040845
511, 5.110000, -0.885403, 2.031913
512, 5.120000, -0.881989, 2.023014
513, 5.130000, -0.878585, 2.014150
514, 5.140000, -0.875190, 2.005321
515, 5.150000, -0.871805, 1.996525
516, 5.160000, -0.868430, 1.987763
517, 5.170000, -0.865064, 1.979036
518, 5.180000, -0.861708, 1.970342
519, 5.190000, -0.858362, 1.961681
520, 5.200000, -0.855026, 1.953055
521, 5.210000, -0.851699, 1.944462
522, 5.220000, -0.848382, 1.935902
523, 5.230000, -0.845075, 1.927376
524, 5.240000, -0.841777, 1.918883
525, 5.250000, -0.838489, 1.910423
526, 5.260000, -0.835211, 1.901996
527, 5.270000, -0.831943, 1.893603
528, 5.280000, -0.828684, 1.885242
529, 5.290000, -0.825435, 1.876913
530, 5.300000, -0.822195, 1.868618
531, 5.310000, -0.818966, 1.860355
532, 5.320000, -0.815746, 1.852124
533, 5.330000, -0.812536, 1.843926
534, 5.340000, -0.809335, 1.835760
535, 5.350000, -0.806144, 1.827626
536, 5.360000, -0.802963, 1.819524
537, 5.370000, -0.799791, 1.811454
538, 5.380000, -0.796629, 1.803417
539, 5.390000, -0.793477, 1.795410
540, 5.400000, -0.790335, 1.787436
541, 5.410000, -0.787202, 1.779493
542, 5.420000, -0.784078, 1.771582
543, 5.430000, -0.780965, 1.763702
544, 5.440000, -0.777861, 1.755853
545, 5.450000, -0.774766, 1.748036
546, 5.460000, -0.771682, 1.740249
547, 5.470000, -0.768606, 1.732494
548, 5.480000, -0.765541, 1.724769
549, 5.490000, -0.762485, 1.717076
550, 5.500000, -0.759439, 1.709413
551, 5.510000, -0.756402, 1.701780
552, 5.520000, -0.753374, 1.694178
553, 5.530000, -0.750357, 1.686607
554, 5.540000, -0.747349, 1.679066
555, 5.550000, -0.744350, 1.671555
556, 5.560000, -0.741361, 1.664074
557, 5.570000, -0.738382, 1.656624
558, 5.580000, -0.735412, 1.649203
559, 5.590000, -0.732451, 1.641812
560, 5.600000, -0.729500, 1.634451
561, 5.610000, -0.726559, 1.627119
562, 5.620000, -0.723626, 1.619817
563, 5.630000, -0.720704, 1.612545
564, 5.640000, -0.717791, 1.605302
565, 5.650000, -0.714887, 1.598088
566, 5.660000, -0.711993, 1.590904
567, 5.670000, -0.709108, 1.583748
568, 5.680000, -0.706232, 1.576621
569, 5.690000, -0.703366, 1.569524
570, 5.700000, -0.700510, 1.562455
571, 5.710000, -0.697662, 1.555415
572, 5.720000, -0.694824, 1.548403
573, 5.730000, -0.691996, 1.541420
574, 5.740000, -0.689177, 1.534466
575, 5.750000, -0.686367, 1.527540
576, 5.760000, -0.683566, 1.520642
577, 5.770000, -0.680775, 1.513772
578, 5.780000, -0.677993, 1.506930
579, 5.790000, -0.675220, 1.500116
580, 5.800000, -0.672456, 1.493330
581, 5.810000, -0.669702, 1.486572
582, 5.820000, -0.666957, 1.479842
583, 5.830000, -0.664221, 1.473139
584, 5.840000, -0.661494, 1.466463
585, 5.850000, -0.658777, 1.459815
586, 5.860000, -0.656068, 1.453194
587, 5.870000, -0.653369, 1.446601
588, 5.880000, -0.650679, 1.440035
589, 5.890000, -0.647998, 1.433495
590, 5.900000, -0.645326, 1.426983
591, 5.910000, -0.642663, 1.420497
592, 5.920000, -0.640010, 1.414039
593, 5.930000, -0.637365, 1.407607
594, 5.940000, -0.634730, 1.401201
595, 5.950000, -0.632103, 1.394822
596, 5.960000, -0.629485, 1.388469
597, 5.970000, -0.626877, 1.382143
598, 5.980000, -0.624277, 1.375843
599, 5.990000, -0.621687, 1.369569
600, 6.000000, -0.619105, 1.363321
601, 6.010000, -0.616532, 1.357099
602, 6.020000, -0.613969, 1.350903
603, 6.030000, -0.611414, 1.344732
604, 6.040000, -0.608868, 1.338588
605, 6.050000, -0.606331, 1.332469
606, 6.060000, -0.603802, 1.326375
607, 6.070000, -0.601283, 1.320307
608, 6.080000, -0.598772, 1.314264
609, 6.090000, -0.596270, 1.308246
610, 6.100000, -0.593777, 1.302254
611, 6.110000, -0.591293, 1.296286
612, 6.120000, -0.588817, 1.290344
613, 6.130000, -0.586351, 1.284426
614, 6.140000, -0.583892, 1.278533
615, 6.150000, -0.581443, 1.272665
616, 6.160000, -0.579002, 1.266822
617, 6.170000, -0.576570, 1.261003
618, 6.180000, -0.574147, 1.255208
619, 6.190000, -0.571732, 1.249438
620, 6.200000, -0.569326, 1.243692
621, 6.210000, -0.566928, 1.237970
622, 6.220000, -0.564539, 1.232273
623, 6.230000, -0.562158, 1.226599
624, 6.240000, -0.559786, 1.220949
625, 6.250000, -0.557423, 1.215324
626, 6.260000, -0.555068, 1.209722
627, 6.270000, -0.552721, 1.204143
628, 6.280000, -0.550383, 1.198588
629, 6.290000, -0.548053, 1.193057
630, 6.300000, -0.545732, 1.187549
631, 6.310000, -0.543419, 1.182064
632, 6.320000, -0.541115, 1.176603
633, 6.330000, -0.538818, 1.171165
634, 6.340000, -0.536531, 1.165750
635, 6.350000, -0.534251, 1.160358
636, 6.360000, -0.531980, 1.154988
637, 6.370000, -0.529717, 1.149642
638, 6.380000, -0.527462, 1.144318
639, 6.390000, -0.525216, 1.139017
640, 6.400000, -0.522978, 1.133739
641, 6.410000, -0.520748, 1.128483
642, 6.420000, -0.518526, 1.123249
643, 6.430000, -0.516312, 1.118038
644, 6.440000, -0.514107, 1.112849
645, 6.450000, -0.511909, 1.107682
646, 6.460000, -0.509720, 1.102538
647, 6.470000, -0.507539, 1.097415
648, 6.480000, -0.505366, 1.092314
649, 6.490000, -0.503201, 1.087235
650, 6.500000, -0.501044, 1.082178
651, 6.510000, -0.498895, 1.077143
652, 6.520000, -0.496754, 1.072129
653, 6.530000, -0.494620, 1.067136
654, 6.540000, -0.492495, 1.062166
655, 6.550000, -0.490378, 1.057216
656, 6.560000, -0.488269, 1.052288
657, 6.570000, -0.486167, 1.047381
658, 6.580000, -0.484074, 1.042495
659, 6.590000, -0.481988, 1.037630
660, 6.600000, -0.479910, 1.032786
661, 6.610000, -0.477840, 1.027963
662, 6.620000, -0.475778, 1.023160
663, 6.630000, -0.473723, 1.018379
664, 6.640000, -0.471676, 1.013618
665, 6.650000, -0.469637, 1.008877
666, 6.660000, -0.467606, 1.004158
667, 6.670000, -0.465582, 0.999458
668, 6.680000, -0.463566, 0.994779
669, 6.690000, -0.461557, 0.990120
670, 6.700000, -0.459557, 0.985482
671, 6.710000, -0.457563, 0.980863
672, 6.720000, -0.455578, 0.976265
673, 6.730000, -0.453600, 0.971686
674, 6.740000, -0.451629, 0.967127
675, 6.750000, -0.449666, 0.962588
676, 6.760000, -0.447710, 0.958069
677, 6.770000, -0.445762, 0.953570
678, 6.780000, -0.443822, 0.949090
679, 6.790000, -0.441889, 0.944629
680, 6.800000, -0.439963, 0.940188
681, 6.810000, -0.438044, 0.935767
682, 6.820000, -0.436133, 0.931365
683, 6.830000, -0.434230, 0.926981
684, 6.840000, -0.432333, 0.922617
685, 6.850000, -0.430444, 0.918272
686, 6.860000, -0.428563, 0.913946
687, 6.870000, -0.426688, 0.909639
688, 6.880000, -0.424821, 0.905351
689, 6.890000, -0.422961, 0.901082
690, 6.900000, -0.421108, 0.896831
691, 6.910000, -0.419262, 0.892599
692, 6.920000, -0.417424, 0.888385
693, 6.930000, -0.415593, 0.884190
694, 6.940000, -0.413769, 0.880013
695, 6.950000, -0.411951, 0.875855
696, 6.960000, -0.410141, 0.871715
697, 6.970000, -0.408338, 0.867593
698, 6.980000, -0.406543, 0.863489
699, 6.990000, -0.404754, 0.859403
700, 7.000000, -0.402972, 0.855336
701, 7.010000, -0.401197, 0.851286
702, 7.020000, -0.399429, 0.847254
703, 7.030000, -0.397668, 0.843240
704, 7.040000, -0.395914, 0.839243
705, 7.050000, -0.394166, 0.835264
706, 7.060000, -0.392426, 0.831303
707, 7.070000, -0.390693, 0.827359
708, 7.080000, -0.388966, 0.823432
709, 7.090000, -0.387246, 0.819523
710, 7.100000, -0.385533, 0.815631
711, 7.110000, -0.383827, 0.811757
712, 7.120000, -0.382127, 0.807899
713, 7.130000, -0.380434, 0.804059
714, 7.140000, -0.378748, 0.800236
715, 7.150000, -0.377069, 0.796429
716, 7.160000, -0.375396, 0.792640
717, 7.170000, -0.373730, 0.788867
718, 7.180000, -0.372070, 0.785111
719, 7.190000, -0.370417, 0.781372
720, 7.200000, -0.368771, 0.777649
721, 7.210000, -0.367131, 0.773943
722, 7.220000, -0.365498, 0.770253
723, 7.230000, -0.363871, 0.766580
724, 7.240000, -0.362251, 0.762923
725, 7.250000, -0.360638, 0.759282
726, 7.260000, -0.359030, 0.755658
727, 7.270000, -0.357429, 0.752050
728, 7.280000, -0.355835, 0.748458
729, 7.290000, -0.354247, 0.744881
730, 7.300000, -0.352665, 0.741321
731, 7.310000, -0.351090, 0.737777
732, 7.320000, -0.349521, 0.734248
733, 7.330000, -0.347959, 0.730736
734, 7.340000, -0.346402, 0.727239
735, 7.350000, -0.344852, 0.723757
736, 7.360000, -0.343309, 0.720292
737, 7.370000, -0.341771, 0.716841
738, 7.380000, -0.340240, 0.713407
739, 7.390000, -0.338715, 0.709987
740, 7.400000, -0.337196, 0.706583
741, 7.410000, -0.335683, 0.703194
742, 7.420000, -0.334176, 0.699821
743, 7.430000, -0.332676, 0.696462
744, 7.440000, -0.331181, 0.693119
745, 7.450000, -0.329693, 0.689790
746, 7.460000, -0.328211, 0.686477
747, 7.470000, -0.326735, 0.683178
748, 7.480000, -0.325264, 0.679895
749, 7.490000, -0.323800, 0.676626
750, 7.500000, -0.322342, 0.673372
751, 7.510000, -0.320889, 0.670132
752, 7.520000, -0.319443, 0.666907
753, 7.530000, -0.318003, 0.663697
754, 7.540000, -0.316568, 0.660501
755, 7.550000, -0.315139, 0.657319
756, 7.560000, -0.313717, 0.654152
757, 7.570000, -0.312300, 0.650999
758, 7.580000, -0.310888, 0.647861
759, 7.590000, -0.309483, 0.644736
760, 7.600000, -0.308083, 0.641626
761, 7.610000, -0.306690, 0.638530
762, 7.620000, -0.305302, 0.635448
763, 7.630000, -0.303919, 0.632379
764, 7.640000, -0.302542, 0.629325
765, 7.650000, -0.301171, 0.626284
766, 7.660000, -0.299806, 0.623258
767, 7.670000, -0.298446, 0.620245
768, 7.680000, -0.297092, 0.617245
769, 7.690000, -0.295744, 0.614259
770, 7.700000, -0.294401, 0.611287
771, 7.710000, -0.293064, 0.608328
772, 7.720000, -0.291732, 0.605383
773, 7.730000, -0.290406, 0.602451
774, 7.740000, -0.289085, 0.599533
775, 7.750000, -0.287770, 0.596627
776, 7.760000, -0.286460, 0.593735
777, 7.770000, -0.285156, 0.590856
778, 7.780000, -0.283857, 0.587991
779, 7.790000, -0.282564, 0.585138
780, 7.800000, -0.281275, 0.582298
781, 7.810000, -0.279993, 0.579471
782, 7.820000, -0.278715, 0.576657
783, 7.830000, -0.277443, 0.573856
784, 7.840000, -0.276177, 0.571068
785, 7.850000, -0.274915, 0.568292
786, 7.860000, -0.273659, 0.565529
787, 7.870000, -0.272409, 0.562779
788, 7.880000, -0.271163, 0.560041
789, 7.890000, -0.269923, 0.557316
790, 7.900000, -0.268687, 0.554603
791, 7.910000, -0.267458, 0.551903
792, 7.920000, -0.266233, 0.549215
793, 7.930000, -0.265013, 0.546540
794, 7.940000, -0.263799, 0.543876
795, 7.950000, -0.262589, 0.541225
796, 7.960000, -0.261385, 0.538586
797, 7.970000, -0.260186, 0.535959
798, 7.980000, -0.258992, 0.533344
799, 7.990000, -0.257803, 0.530741
800, 8.000000, -0.256618, 0.528150
801, 8.010000, -0.255439, 0.525571
802, 8.020000, -0.254265, 0.523004
803, 8.030000, -0.253096, 0.520449
804, 8.040000, -0.251932, 0.517905
805, 8.050000, -0.250773, 0.515373
806, 8.060000, -0.249619, 0.512853
807, 8.070000, -0.248469, 0.510344
808, 8.080000, -0.247325, 0.507847
809, 8.090000, -0.246185, 0.505362
810, 8.100000, -0.245050, 0.502888
811, 8.110000, -0.243920, 0.500425
812, 8.120000, -0.242795, 0.497973
813, 8.130000, -0.241675, 0.495533
814, 8.140000, -0.240559, 0.493104
815, 8.150000, -0.239448, 0.490687
816, 8.160000, -0.238342, 0.488280
817, 8.170000, -0.237241, 0.485885
818, 8.180000, -0.236144, 0.483501
819, 8.190000, -0.235052, 0.481128
820, 8.200000, -0.233965, 0.478765
821, 8.210000, -0.232882, 0.476414
822, 8.220000, -0.231804, 0.474073
823, 8.230000, -0.230731, 0.471744
824, 8.240000, -0.229662, 0.469425
825, 8.250000, -0.228598, 0.467117
826, 8.260000, -0.227538, 0.464819
827, 8.270000, -0.226483, 0.462533
828, 8.280000, -0.225432, 0.460257
829, 8.290000, -0.224386, 0.457991
830, 8.300000, -0.223345, 0.455736
831, 8.310000, -0.222308, 0.453491
832, 8.320000, -0.221275, 0.451257
833, 8.330000, -0.220247, 0.449033
834, 8.340000, -0.219223, 0.446820
835, 8.350000, -0.218204, 0.444617
836, 8.360000, -0.217189, 0.442424
837, 8.370000, -0.216179, 0.440241
838, 8.380000, -0.215172, 0.438068
839, 8.390000, -0.214171, 0.435906
840, 8.400000, -0.213173, 0.433753
841, 8.410000, -0.212180, 0.431611
842, 8.420000, -0.211191, 0.429479
843, 8.430000, -0.210207, 0.427356
844, 8.440000, -0.209226, 0.425244
845, 8.450000, -0.208250, 0.423141
846, 8.460000, -0.207279, 0.421048
847, 8.470000, -0.206311, 0.418965
848, 8.480000, -0.205348, 0.416891
849, 8.490000, -0.204388, 0.414828
850, 8.500000, -0.203433, 0.412773
851, 8.510000, -0.202483, 0.410729
852, 8.520000, -0.201536, 0.408694
853, 8.530000, -0.200593, 0.406669
854, 8.540000, -0.199655, 0.404653
855, 8.550000, -0.198720, 0.402646
856, 8.560000, -0.197790, 0.400649
857, 8.570000, -0.196864, 0.398661
858, 8.580000, -0.195942, 0.396683
859, 8.590000, -0.195024, 0.394713
860, 8.600000, -0.194109, 0.392753
861, 8.610000, -0.193199, 0.390803
862, 8.620000, -0.192293, 0.388861
863, 8.630000, -0.191391, 0.386928
864, 8.640000, -0.190493, 0.385005
865, 8.650000, -0.189598, 0.383091
866, 8.660000, -0.188708, 0.381185
867, 8.670000, -0.187821, 0.379289
868, 8.680000, -0.186939, 0.377401
869, 8.690000, -0.186060, 0.375522
870, 8.700000, -0.185185, 0.373652
871, 8.710000, -0.184314, 0.371791
872, 8.720000, -0.183447, 0.369939
873, 8.730000, -0.182584, 0.368095
874, 8.740000, -0.181724, 0.366260
875, 8.750000, -0.180868, 0.364434
876, 8.760000, -0.180016, 0.362616
877, 8.770000, -0.179168, 0.360807
878, 8.780000, -0.178324, 0.359006
879, 8.790000, -0.177483, 0.357214
880, 8.800000, -0.176646, 0.355431
881, 8.810000, -0.175812, 0.353655
882, 8.820000, -0.174983, 0.351888
883, 8.830000, -0.174157, 0.350130
884, 8.840000, -0.173334, 0.348379
885, 8.850000, -0.172516, 0.346637
886, 8.860000, -0.171701, 0.344904
887, 8.870000, -0.170889, 0.343178
888, 8.880000, -0.170081, 0.341461
889, 8.890000, -0.169277, 0.339751
890, 8.900000, -0.168476, 0.338050
891, 8.910000, -0.167679, 0.336357
892, 8.920000, -0.166885, 0.334672
893, 8.930000, -0.166095, 0.332995
894, 8.940000, -0.165309, 0.331325
895, 8.950000, -0.164526, 0.329664
896, 8.960000, -0.163746, 0.328010
897, 8.970000, -0.162970, 0.326365
898, 8.980000, -0.162197, 0.324727
899, 8.990000, -0.161428, 0.323097
900, 9.000000, -0.160662, 0.321475
901, 9.010000, -0.159900, 0.319860
902, 9.020000, -0.159141, 0.318253
903, 9.030000, -0.158385, 0.316653
904, 9.040000, -0.157633, 0.315062
905, 9.050000, -0.156884, 0.313478
906, 9.060000, -0.156139, 0.311901
907, 9.070000, -0.155396, 0.310332
908, 9.080000, -0.154658, 0.308770
909, 9.090000, -0.153922, 0.307216
910, 9.100000, -0.153190, 0.305669
911, 9.110000, -0.152461, 0.304129
912, 9.120000, -0.151735, 0.302597
913, 9.130000, -0.151013, 0.301072
914, 9.140000, -0.150293, 0.299554
915, 9.150000, -0.149577, 0.298044
916, 9.160000, -0.148864, 0.296541
917, 9.170000, -0.148155, 0.295044
918, 9.180000, -0.147449, 0.293556
919, 9.190000, -0.146745, 0.292074
920, 9.200000, -0.146045, 0.290599
921, 9.210000, -0.145348, 0.289131
922, 9.220000, -0.144655, 0.287670
923, 9.230000, -0.143964, 0.286217
924, 9.240000, -0.143276, 0.284770
925, 9.250000, -0.142592, 0.283330
926, 9.260000, -0.141911, 0.281897
927, 9.270000, -0.141232, 0.280471
928, 9.280000, -0.140557, 0.279051
929, 9.290000, -0.139885, 0.277639
930, 9.300000, -0.139216, 0.276233
931, 9.310000, -0.138550, 0.274834
932, 9.320000, -0.137887, 0.273441
933, 9.330000, -0.137226, 0.272055
934, 9.340000, -0.136569, 0.270676
935, 9.350000, -0.135915, 0.269304
936, 9.360000, -0.135264, 0.267938
937, 9.370000, -0.134616, 0.266578
938, 9.380000, -0.133970, 0.265226
939, 9.390000, -0.133328, 0.263879
940, 9.400000, -0.132689, 0.262539
941, 9.410000, -0.132052, 0.261206
942, 9.420000, -0.131418, 0.259879
943, 9.430000, -0.130788, 0.258558
944, 9.440000, -0.130160, 0.257243
945, 9.450000, -0.129534, 0.255935
946, 9.460000, -0.128912, 0.254633
947, 9.470000, -0.128293, 0.253338
948, 9.480000, -0.127676, 0.252049
949, 9.490000, -0.127062, 0.250765
950, 9.500000, -0.126451, 0.249488
951, 9.510000, -0.125843, 0.248218
952, 9.520000, -0.125238, 0.246953
953, 9.530000, -0.124635, 0.245694
954, 9.540000, -0.124035, 0.244442
955, 9.550000, -0.123438, 0.243195
956, 9.560000, -0.122844, 0.241955
957, 9.570000, -0.122252, 0.240720
958, 9.580000, -0.121663, 0.239491
959, 9.590000, -0.121076, 0.238269
960, 9.600000, -0.120493, 0.237052
961, 9.610000, -0.119912, 0.235841
962, 9.620000, -0.119333, 0.234636
963, 9.630000, -0.118758, 0.233436
964, 9.640000, -0.118184, 0.232243
965, 9.650000, -0.117614, 0.231055
966, 9.660000, -0.117046, 0.229873
967, 9.670000, -0.116481, 0.228697
968, 9.680000, -0.115918, 0.227526
969, 9.690000, -0.115358, 0.226361
970, 9.700000, -0.114801, 0.225202
971, 9.710000, -0.114246, 0.224048
972, 9.720000, -0.113693, 0.222900
973, 9.730000, -0.113143, 0.221757
974, 9.740000, -0.112596, 0.220620
975, 9.750000, -0.112051, 0.219489
976, 9.760000, -0.111509, 0.218363
977, 9.770000, -0.110969, 0.217242
978, 9.780000, -0.110432, 0.216127
979, 9.790000, -0.109897, 0.215017
980, 9.800000, -0.109365, 0.213912
981, 9.810000, -0.108835, 0.212813
982, 9.820000, -0.108307, 0.211719
983, 9.830000, -0.107782, 0.210631
984, 9.840000, -0.107259, 0.209548
985, 9.850000, -0.106739, 0.208470
986, 9.860000, -0.106221, 0.207397
987, 9.870000, -0.105706, 0.206330
988, 9.880000, -0.105193, 0.205267
989, 9.890000, -0.104682, 0.204210
990, 9.900000, -0.104174, 0.203158
991, 9.910000, -0.103668, 0.202111
992, 9.920000, -0.103164, 0.201069
993, 9.930000, -0.102663, 0.200032
994, 9.940000, -0.102164, 0.199001
995, 9.950000, -0.101667, 0.197974
996, 9.960000, -0.101173, 0.196952
997, 9.970000, -0.100680, 0.195935
998, 9.980000, -0.100191, 0.194923
999, 9.990000, -0.099703, 0.193917
1000, 10.000000, -0.099218, 0.192915
1001, 10.010000, -0.098735, 0.191917
1002, 10.020000, -0.098254, 0.190925
1003, 10.030000, -0.097775, 0.189938
1004, 10.040000, -0.097299, 0.188955
1005, 10.050000, -0.096825, 0.187977
1006, 10.060000, -0.096353, 0.187004
1007, 10.070000, -0.095883, 0.186036
1008, 10.080000, -0.095416, 0.185072
1009, 10.090000, -0.094950, 0.184113
1010, 10.100000, -0.094487, 0.183159
1011, 10.110000, -0.094026, 0.182209
1012, 10.120000, -0.093567, 0.181264
1013, 10.130000, -0.093110, 0.180324
1014, 10.140000, -0.092656, 0.179388
1015, 10.150000, -0.092203, 0.178457
1016, 10.160000, -0.091753, 0.177530
1017, 10.170000, -0.091304, 0.176608
1018, 10.180000, -0.090858, 0.175691
1019, 10.190000, -0.090414, 0.174778
1020, 10.200000, -0.089972, 0.173869
1021, 10.210000, -0.089532, 0.172965
1022, 10.220000, -0.089094, 0.172065
1023, 10.230000, -0.088658, 0.171170
1024, 10.240000, -0.088224, 0.170279
1025, 10.250000, -0.087792, 0.169392
1026, 10.260000, -0.087362, 0.168510
1027, 10.270000, -0.086934, 0.167632
1028, 10.280000, -0.086509, 0.166758
1029, 10.290000, -0.086085, 0.165888
1030, 10.300000, -0.085663, 0.165023
1031, 10.310000, -0.085243, 0.164162
1032, 10.320000, -0.084825, 0.163306
1033, 10.330000, -0.084409, 0.162453
1034, 10.340000, -0.083995, 0.161605
1035, 10.350000, -0.083583, 0.160761
1036, 10.360000, -0.083173, 0.159921
1037, 10.370000, -0.082765, 0.159085
1038, 10.380000, -0.082359, 0.158253
1039, 10.390000, -0.081954, 0.157425
1040, 10.400000, -0.081552, 0.156602
1041, 10.410000, -0.081151, 0.155782
1042, 10.420000, -0.080752, 0.154967
1043, 10.430000, -0.080356, 0.154155
1044, 10.440000, -0.079961, 0.153347
1045, 10.450000, -0.079568, 0.152544
1046, 10.460000, -0.079176, 0.151744
1047, 10.470000, -0.078787, 0.150948
1048, 10.480000, -0.078399, 0.150157
1049, 10.490000, -0.078014, 0.149369
1050, 10.500000, -0.077630, 0.148585
1051, 10.510000, -0.077247, 0.147805
1052, 10.520000, -0.076867, 0.147028
1053, 10.530000, -0.076489, 0.146256
1054, 10.540000, -0.076112, 0.145487
1055, 10.550000, -0.075737, 0.144722
1056, 10.560000, -0.075364, 0.143961
1057, 10.570000, -0.074992, 0.143203
1058, 10.580000, -0.074623, 0.142450
1059, 10.590000, -0.074255, 0.141700
1060, 10.600000, -0.073888, 0.140954
1061, 10.610000, -0.073524, 0.140211
1062, 10.620000, -0.073161, 0.139472
1063, 10.630000, -0.072800, 0.138737
1064, 10.640000, -0.072441, 0.138005
1065, 10.650000, -0.072083, 0.137277
1066, 10.660000, -0.071727, 0.136553
1067, 10.670000, -0.071373, 0.135832
1068, 10.680000, -0.071021, 0.135115
1069, 10.690000, -0.070670, 0.134401
1070, 10.700000, -0.070320, 0.133691
1071, 10.710000, -0.069973, 0.132984
1072, 10.720000, -0.069627, 0.132281
1073, 10.730000, -0.069283, 0.131581
1074, 10.740000, -0.068940, 0.130885
1075, 10.750000, -0.068599, 0.130192
1076, 10.760000, -0.068260, 0.129502
1077, 10.770000, -0.067922, 0.128816
1078, 10.780000, -0.067586, 0.128134
1079, 10.790000, -0.067251, 0.127454
1080, 10.800000, -0.066918, 0.126779
1081, 10.810000, -0.066587, 0.126106
1082, 10.820000, -0.066257, 0.125437
1083, 10.830000, -0.065928, 0.124771
1084, 10.840000, -0.065602, 0.124108
1085, 10.850000, -0.065277, 0.123449
1086, 10.860000, -0.064953, 0.122793
1087, 10.870000, -0.064631, 0.122140
1088, 10.880000, -0.064310, 0.121491
1089, 10.890000, -0.063991, 0.120844
1090, 10.900000, -0.063674, 0.120201
1091, 10.910000, -0.063358, 0.119561
1092, 10.920000, -0.063043, 0.118925
1093, 10.930000, -0.062730, 0.118291
1094, 10.940000, -0.062419, 0.117661
1095, 10.950000, -0.062109, 0.117033
1096, 10.960000, -0.061801, 0.116409
1097, 10.970000, -0.061493, 0.115788
1098, 10.980000, -0.061188, 0.115170
1099, 10.990000, -0.060884, 0.114555
1100, 11.000000, -0.060581, 0.113943
1101, 11.010000, -0.060280, 0.113334
1102, 11.020000, -0.059980, 0.112729
1103, 11.030000, -0.059682, 0.112126
1104, 11.040000, -0.059385, 0.111526
1105, 11.050000, -0.059089, 0.110929
1106, 11.060000, -0.058795, 0.110335
1107, 11.070000, -0.058503, 0.109744
1108, 11.080000, -0.058211, 0.109156
1109, 11.090000, -0.057922, 0.108571
1110, 11.100000, -0.057633, 0.107989
1111, 11.110000, -0.057346, 0.107410
1112, 11.120000, -0.057060, 0.106834
1113, 11.130000, -0.056776, 0.106260
1114, 11.140000, -0.056493, 0.105690
1115, 11.150000, -0.056211, 0.105122
1116, 11.160000, -0.055931, 0.104557
1117, 11.170000, -0.055652, 0.103995
1118, 11.180000, -0.055375, 0.103436
1119, 11.190000, -0.055098, 0.102879
1120, 11.200000, -0.054823, 0.102325
1121, 11.210000, -0.054550, 0.101774
1122, 11.220000, -0.054277, 0.101226
1123, 11.230000, -0.054006, 0.100681
1124, 11.240000, -0.053737, 0.100138
1125, 11.250000, -0.053468, 0.099598
1126, 11.260000, -0.053201, 0.099060
1127, 11.270000, -0.052936, 0.098526
1128, 11.280000, -0.052671, 0.097994
1129, 11.290000, -0.052408, 0.097464
1130, 11.300000, -0.052146, 0.096938
1131, 11.310000, -0.051885, 0.096414
1132, 11.320000, -0.051626, 0.095892
1133, 11.330000, -0.051367, 0.095373
1134, 11.340000, -0.051110, 0.094857
1135, 11.350000, -0.050855, 0.094344
1136, 11.360000, -0.050600, 0.093832
1137, 11.370000, -0.050347, 0.093324
1138, 11.380000, -0.050095, 0.092818
1139, 11.390000, -0.049844, 0.092314
1140, 11.400000, -0.049594, 0.091814
1141, 11.410000, -0.049346, 0.091315
1142, 11.420000, -0.049099, 0.090819
1143, 11.430000, -0.048853, 0.090326
1144, 11.440000, -0.048608, 0.089835
1145, 11.450000, -0.048364, 0.089346
1146, 11.460000, -0.048122, 0.088860
1147, 11.470000, -0.047880, 0.088377
1148, 11.480000, -0.047640, 0.087895
1149, 11.490000, -0.047401, 0.087417
1150, 11.500000, -0.047164, 0.086940
1151, 11.510000, -0.046927, 0.086466
1152, 11.520000, -0.046691, 0.085995
1153, 11.530000, -0.046457, 0.085525
1154, 11.540000, -0.046224, 0.085058
1155, 11.550000, -0.045992, 0.084594
1156, 11.560000, -0.045761, 0.084132
1157, 11.570000, -0.045531, 0.083672
1158, 11.580000, -0.045302, 0.083214
1159, 11.590000, -0.045074, 0.082759
1160, 11.600000, -0.044848, 0.082306
1161, 11.610000, -0.044622, 0.081855
1162, 11.620000, -0.044398, 0.081407
1163, 11.630000, -0.044175, 0.080961
1164, 11.640000, -0.043953, 0.080517
1165, 11.650000, -0.043732, 0.080075
1166, 11.660000, -0.043512, 0.079635
1167, 11.670000, -0.043293, 0.079198
1168, 11.680000, -0.043075, 0.078763
1169, 11.690000, -0.042858, 0.078330
1170, 11.700000, -0.042642, 0.077899
1171, 11.710000, -0.042427, 0.077471
1172, 11.720000, -0.042214, 0.077044
1173, 11.730000, -0.042001, 0.076620
1174, 11.740000, -0.041790, 0.076198
1175, 11.750000, -0.041579, 0.075778
1176, 11.760000, -0.041369, 0.075360
1177, 11.770000, -0.041161, 0.074944
1178, 11.780000, -0.040953, 0.074531
1179, 11.790000, -0.040747, 0.074119
1180, 11.800000, -0.040541, 0.073710
1181, 11.810000, -0.040337, 0.073302
1182, 11.820000, -0.040134, 0.072897
1183, 11.830000, -0.039931, 0.072493
1184, 11.840000, -0.039730, 0.072092
1185, 11.850000, -0.039529, 0.071693
1186, 11.860000, -0.039329, 0.071296
1187, 11.870000, -0.039131, 0.070900
1188, 11.880000, -0.038933, 0.070507
1189, 11.890000, -0.038737, 0.070116
1190, 11.900000, -0.038541, 0.069727
1191, 11.910000, -0.038346, 0.069339
1192, 11.920000, -0.038153, 0.068954
1193, 11.930000, -0.037960, 0.068570
1194, 11.940000, -0.037768, 0.068189
1195, 11.950000, -0.037577, 0.067809
1196, 11.960000, -0.037387, 0.067432
1197, 11.970000, -0.037198, 0.067056
1198, 11.980000, -0.037010, 0.066682
1199, 11.990000, -0.036822, 0.066310
1200, 12.000000, -0.036636, 0.065940
1201, 12.010000, -0.036451, 0.065572
1202, 12.020000, -0.036266, 0.065206
1203, 12.030000, -0.036083, 0.064841
1204, 12.040000, -0.035900, 0.064478
1205, 12.050000, -0.035718, 0.064118
1206, 12.060000, -0.035537, 0.063759
1207, 12.070000, -0.035357, 0.063402
1208, 12.080000, -0.035178, 0.063046
1209, 12.090000, -0.035000, 0.062693
1210, 12.100000, -0.034823, 0.062341
1211, 12.110000, -0.034646, 0.061991
1212, 12.120000, -0.034470, 0.061643
1213, 12.130000, -0.034296, 0.061296
1214, 12.140000, -0.034122, 0.060952
1215, 12.150000, -0.033949, 0.060609
1216, 12.160000, -0.033776, 0.060268
1217, 12.170000, -0.033605, 0.059928
1218, 12.180000, -0.033435, 0.059590
1219, 12.190000, -0.033265, 0.059254
1220, 12.200000, -0.033096, 0.058920
1221, 12.210000, -0.032928, 0.058587
1222, 12.220000, -0.032761, 0.058256
1223, 12.230000, -0.032594, 0.057927
1224, 12.240000, -0.032429, 0.057600
1225, 12.250000, -0.032264, 0.057274
1226, 12.260000, -0.032100, 0.056950
1227, 12.270000, -0.031937, 0.056627
1228, 12.280000, -0.031775, 0.056306
1229, 12.290000, -0.031613, 0.055987
1230, 12.300000, -0.031453, 0.055669
1231, 12.310000, -0.031293, 0.055353
1232, 12.320000, -0.031133, 0.055038
1233, 12.330000, -0.030975, 0.054725
1234, 12.340000, -0.030818, 0.054414
1235, 12.350000, -0.030661, 0.054104
1236, 12.360000, -0.030505, 0.053796
1237, 12.370000, -0.030349, 0.053490
1238, 12.380000, -0.030195, 0.053185
1239, 12.390000, -0.030041, 0.052881
1240, 12.400000, -0.029888, 0.052579
1241, 12.410000, -0.029736, 0.052279
1242, 12.420000, -0.029585, 0.051980
1243, 12.430000, -0.029434, 0.051683
1244, 12.440000, -0.029284, 0.051387
1245, 12.450000, -0.029135, 0.051093
1246, 12.460000, -0.028986, 0.050800
1247, 12.470000, -0.028838, 0.050509
1248, 12.480000, -0.028691, 0.050219
1249, 12.490000, -0.028545, 0.049930
1250, 12.500000, -0.028400, 0.049643
1251, 12.510000, -0.028255, 0.049358
1252, 12.520000, -0.028111, 0.049074
1253, 12.530000, -0.027967, 0.048792
1254, 12.540000, -0.027824, 0.048510
1255, 12.550000, -0.027682, 0.048231
1256, 12.560000, -0.027541, 0.047953
1257, 12.570000, -0.027401, 0.047676
1258, 12.580000, -0.027261, 0.047400
1259, 12.590000, -0.027121, 0.047127
1260, 12.600000, -0.026983, 0.046854
1261, 12.610000, -0.026845, 0.046583
1262, 12.620000, -0.026708, 0.046313
1263, 12.630000, -0.026572, 0.046045
1264, 12.640000, -0.026436, 0.045778
1265, 12.650000, -0.026301, 0.045512
1266, 12.660000, -0.026166, 0.045248
1267, 12.670000, -0.026032, 0.044985
1268, 12.680000, -0.025899, 0.044723
1269, 12.690000, -0.025767, 0.044463
1270, 12.700000, -0.025635, 0.044204
1271, 12.710000, -0.025504, 0.043946
1272, 12.720000, -0.025373, 0.043690
1273, 12.730000, -0.025244, 0.043435
1274, 12.740000, -0.025114, 0.043181
1275, 12.750000, -0.024986, 0.042929
1276, 12.760000, -0.024858, 0.042678
1277, 12.770000, -0.024731, 0.042428
1278, 12.780000, -0.024604, 0.042179
1279, 12.790000, -0.024478, 0.041932
1280, 12.800000, -0.024353, 0.041686
1281, 12.810000, -0.024228, 0.041441
1282, 12.820000, -0.024104, 0.041198
1283, 12.830000, -0.023980, 0.040955
1284, 12.840000, -0.023857, 0.040714
1285, 12.850000, -0.023735, 0.040475
1286, 12.860000, -0.023613, 0.040236
1287, 12.870000, -0.023492, 0.039999
1288, 12.880000, -0.023372, 0.039763
1289, 12.890000, -0.023252, 0.039528
1290, 12.900000, -0.023133, 0.039294
1291, 12.910000, -0.023014, 0.039062
1292, 12.920000, -0.022896, 0.038830
1293, 12.930000, -0.022778, 0.038600
1294, 12.940000, -0.022661, 0.038371
1295, 12.950000, -0.022545, 0.038144
1296, 12.960000, -0.022429, 0.037917
1297, 12.970000, -0.022314, 0.037692
1298, 12.980000, -0.022200, 0.037467
1299, 12.990000, -0.022086, 0.037244
1300, 13.000000, -0.021972, 0.037022
1301, 13.010000, -0.021859, 0.036801
1302, 13.020000, -0.021747, 0.036582
1303, 13.030000, -0.021635, 0.036363
1304, 13.040000, -0.021524, 0.036146
1305, 13.050000, -0.021413, 0.035929
1306, 13.060000, -0.021303, 0.035714
1307, 13.070000, -0.021194, 0.035500
1308, 13.080000, -0.021085, 0.035287
1309, 13.090000, -0.020976, 0.035075
1310, 13.100000, -0.020868, 0.034864
1311, 13.110000, -0.020761, 0.034655
1312, 13.120000, -0.020654, 0.034446
1313, 13.130000, -0.020548, 0.034238
1314, 13.140000, -0.020442, 0.034032
1315, 13.150000, -0.020337, 0.033827
1316, 13.160000, -0.020232, 0.033622
1317, 13.170000, -0.020128, 0.033419
1318, 13.180000, -0.020024, 0.033217
1319, 13.190000, -0.019921, 0.033015
1320, 13.200000, -0.019819, 0.032815
1321, 13.210000, -0.019716, 0.032616
1322, 13.220000, -0.019615, 0.032418
1323, 13.230000, -0.019514, 0.032221
1324, 13.240000, -0.019413, 0.032024
1325, 13.250000, -0.019313, 0.031829
1326, 13.260000, -0.019214, 0.031635
1327, 13.270000, -0.019115, 0.031442
1328, 13.280000, -0.019016, 0.031250
1329, 13.290000, -0.018918, 0.031059
1330, 13.300000, -0.018820, 0.030869
1331, 13.310000, -0.018723, 0.030680
1332, 13.320000, -0.018627, 0.030492
1333, 13.330000, -0.018530, 0.030304
1334, 13.340000, -0.018435, 0.030118
1335, 13.350000, -0.018340, 0.029933
1336, 13.360000, -0.018245, 0.029749
1337, 13.370000, -0.018151, 0.029565
1338, 13.380000, -0.018057, 0.029383
1339, 13.390000, -0.017964, 0.029201
1340, 13.400000, -0.017871, 0.029021
1341, 13.410000, -0.017779, 0.028841
1342, 13.420000, -0.017687, 0.028662
1343, 13.430000, -0.017595, 0.028485
1344, 13.440000, -0.017505, 0.028308
1345, 13.450000, -0.017414, 0.028132
1346, 13.460000, -0.017324, 0.027957
1347, 13.470000, -0.017234, 0.027783
1348, 13.480000, -0.017145, 0.027610
1349, 13.490000, -0.017057, 0.027437
1350, 13.500000, -0.016968, 0.027266
1351, 13.510000, -0.016881, 0.027095
1352, 13.520000, -0.016793, 0.026926
1353, 13.530000, -0.016706, 0.026757
1354, 13.540000, -0.016620, 0.026589
1355, 13.550000, -0.016534, 0.026422
1356, 13.560000, -0.016448, 0.026256
1357, 13.570000, -0.016363, 0.026091
1358, 13.580000, -0.016279, 0.025926
1359, 13.590000, -0.016194, 0.025763
1360, 13.600000, -0.016110, 0.025600
1361, 13.610000, -0.016027, 0.025438
1362, 13.620000, -0.015944, 0.025277
1363, 13.630000, -0.015861, 0.025117
1364, 13.640000, -0.015779, 0.024957
1365, 13.650000, -0.015697, 0.024799
1366, 13.660000, -0.015616, 0.024641
1367, 13.670000, -0.015535, 0.024484
1368, 13.680000, -0.015454, 0.024328
1369, 13.690000, -0.015374, 0.024172
1370, 13.700000, -0.015295, 0.024018
1371, 13.710000, -0.015215, 0.023864
1372, 13.720000, -0.015136, 0.023711
1373, 13.730000, -0.015058, 0.023559
1374, 13.740000, -0.014980, 0.023408
1375, 13.750000, -0.014902, 0.023257
1376, 13.760000, -0.014825, 0.023108
1377, 13.770000, -0.014748, 0.022959
1378, 13.780000, -0.014671, 0.022810
1379, 13.790000, -0.014595, 0.022663
1380, 13.800000, -0.014519, 0.022516
1381, 13.810000, -0.014444, 0.022370
1382, 13.820000, -0.014369, 0.022225
1383, 13.830000, -0.014294, 0.022081
1384, 13.840000, -0.014220, 0.021937
1385, 13.850000, -0.014146, 0.021794
1386, 13.860000, -0.014072, 0.021652
1387, 13.870000, -0.013999, 0.021511
1388, 13.880000, -0.013927, 0.021370
1389, 13.890000, -0.013854, 0.021230
1390, 13.900000, -0.013782, 0.021091
1391, 13.910000, -0.013711, 0.020952
1392, 13.920000, -0.013639, 0.020814
1393, 13.930000, -0.013568, 0.020677
1394, 13.940000, -0.013498, 0.020541
1395, 13.950000, -0.013427, 0.020405
1396, 13.960000, -0.013358, 0.020270
1397, 13.970000, -0.013288, 0.020136
1398, 13.980000, -0.013219, 0.020003
1399, 13.990000, -0.013150, 0.019870
1400, 14.000000, -0.013082, 0.019738
1401, 14.010000, -0.013014, 0.019606
1402, 14.020000, -0.012946, 0.019475
1403, 14.030000, -0.012878, 0.019345
1404, 14.040000, -0.012811, 0.019216
1405, 14.050000, -0.012745, 0.019087
1406, 14.060000, -0.012678, 0.018959
1407, 14.070000, -0.012612, 0.018831
1408, 14.080000, -0.012546, 0.018705
1409, 14.090000, -0.012481, 0.018579
1410, 14.100000, -0.012416, 0.018453
1411, 14.110000, -0.012351, 0.018328
1412, 14.120000, -0.012287, 0.018204
1413, 14.130000, -0.012223, 0.018081
1414, 14.140000, -0.012159, 0.017958
1415, 14.150000, -0.012096, 0.017836
1416, 14.160000, -0.012033, 0.017714
1417, 14.170000, -0.011970, 0.017593
1418, 14.180000, -0.011907, 0.017473
1419, 14.190000, -0.011845, 0.017353
1420, 14.200000, -0.011784, 0.017234
1421, 14.210000, -0.011722, 0.017116
1422, 14.220000, -0.011661, 0.016998
1423, 14.230000, -0.011600, 0.016881
1424, 14.240000, -0.011539, 0.016764
1425, 14.250000, -0.011479, 0.016648
1426, 14.260000, -0.011419, 0.016533
1427, 14.270000, -0.011360, 0.016418
1428, 14.280000, -0.011300, 0.016304
1429, 14.290000, -0.011241, 0.016190
1430, 14.300000, -0.011182, 0.016077
1431, 14.310000, -0.011124, 0.015965
1432, 14.320000, -0.011066, 0.015853
1433, 14.330000, -0.011008, 0.015742
1434, 14.340000, -0.010951, 0.015631
1435, 14.350000, -0.010893, 0.015521
1436, 14.360000, -0.010836, 0.015412
1437, 14.370000, -0.010780, 0.015303
1438, 14.380000, -0.010723, 0.015195
1439, 14.390000, -0.010667, 0.015087
1440, 14.400000, -0.010611, 0.014980
1441, 14.410000, -0.010556, 0.014873
1442, 14.420000, -0.010501, 0.014767
1443, 14.430000, -0.010446, 0.014661
1444, 14.440000, -0.010391, 0.014556
1445, 14.450000, -0.010337, 0.014452
1446, 14.460000, -0.010283, 0.014348
1447, 14.470000, -0.010229, 0.014245
1448, 14.480000, -0.010175, 0.014142
1449, 14.490000, -0.010122, 0.014040
1450, 14.500000, -0.010069, 0.013938
1451, 14.510000, -0.010016, 0.013837
1452, 14.520000, -0.009964, 0.013736
1453, 14.530000, -0.009912, 0.013636
1454, 14.540000, -0.009860, 0.013536
1455, 14.550000, -0.009808, 0.013437
1456, 14.560000, -0.009757, 0.013339
1457, 14.570000, -0.009705, 0.013241
1458, 14.580000, -0.009655, 0.013143
1459, 14.590000, -0.009604, 0.013046
1460, 14.600000, -0.009554, 0.012950
1461, 14.610000, -0.009503, 0.012854
1462, 14.620000, -0.009454, 0.012758
1463, 14.630000, -0.009404, 0.012663
1464, 14.640000, -0.009355, 0.012569
1465, 14.650000, -0.009306, 0.012475
1466, 14.660000, -0.009257, 0.012381
1467, 14.670000, -0.009208, 0.012288
1468, 14.680000, -0.009160, 0.012195
1469, 14.690000, -0.009112, 0.012103
1470, 14.700000, -0.009064, 0.012012
1471, 14.710000, -0.009016, 0.011921
1472, 14.720000, -0.008969, 0.011830
1473, 14.730000, -0.008922, 0.011740
1474, 14.740000, -0.008875, 0.011650
1475, 14.750000, -0.008829, 0.011561
1476, 14.760000, -0.008782, 0.011472
1477, 14.770000, -0.008736, 0.011384
1478, 14.780000, -0.008690, 0.011296
1479, 14.790000, -0.008644, 0.011209
1480, 14.800000, -0.008599, 0.011122
1481, 14.810000, -0.008554, 0.011036
1482, 14.820000, -0.008509, 0.010950
1483, 14.830000, -0.008464, 0.010864
1484, 14.840000, -0.008420, 0.010779
1485, 14.850000, -0.008375, 0.010695
1486, 14.860000, -0.008331, 0.010610
1487, 14.870000, -0.008288, 0.010527
1488, 14.880000, -0.008244, 0.010443
1489, 14.890000, -0.008201, 0.010360
1490, 14.900000, -0.008157, 0.010278
1491, 14.910000, -0.008114, 0.010196
1492, 14.920000, -0.008072, 0.010115
1493, 14.930000, -0.008029, 0.010033
1494, 14.940000, -0.007987, 0.009953
1495, 14.950000, -0.007945, 0.009872
1496, 14.960000, -0.007903, 0.009793
1497, 14.970000, -0.007862, 0.009713
1498, 14.980000, -0.007820, 0.009634
1499, 14.990000, -0.007779, 0.009556
1500, 15.000000, -0.007738, 0.009477
1501, 15.010000, -0.007697, 0.009400
1502, 15.020000, -0.007657, 0.009322
1503, 15.030000, -0.007616, 0.009245
1504, 15.040000, -0.007576, 0.009169
1505, 15.050000, -0.007536, 0.009093
1506, 15.060000, -0.007497, 0.009017
1507, 15.070000, -0.007457, 0.008942
1508, 15.080000, -0.007418, 0.008867
1509, 15.090000, -0.007379, 0.008792
1510, 15.100000, -0.007340, 0.008718
1511, 15.110000, -0.007301, 0.008644
1512, 15.120000, -0.007263, 0.008571
1513, 15.130000, -0.007224, 0.008498
1514, 15.140000, -0.007186, 0.008425
1515, 15.150000, -0.007148, 0.008353
1516, 15.160000, -0.007111, 0.008281
1517, 15.170000, -0.007073, 0.008210
1518, 15.180000, -0.007036, 0.008139
1519, 15.190000, -0.006999, 0.008068
1520, 15.200000, -0.006962, 0.007998
1521, 15.210000, -0.006925, 0.007928
1522, 15.220000, -0.006888, 0.007858
1523, 15.230000, -0.006852, 0.007789
1524, 15.240000, -0.006816, 0.007720
1525, 15.250000, -0.006780, 0.007651
1526, 15.260000, -0.006744, 0.007583
1527, 15.270000, -0.006708, 0.007515
1528, 15.280000, -0.006673, 0.007448
1529, 15.290000, -0.006638, 0.007381
1530, 15.300000, -0.006603, 0.007314
1531, 15.310000, -0.006568, 0.007248
1532, 15.320000, -0.006533, 0.007182
1533, 15.330000, -0.006498, 0.007116
1534, 15.340000, -0.006464, 0.007051
1535, 15.350000, -0.006430, 0.006986
1536, 15.360000, -0.006396, 0.006921
1537, 15.370000, -0.006362, 0.006857
1538, 15.380000, -0.006328, 0.006793
1539, 15.390000, -0.006295, 0.006730
1540, 15.400000, -0.006262, 0.006666
1541, 15.410000, -0.006228, 0.006603
1542, 15.420000, -0.006196, 0.006541
1543, 15.430000, -0.006163, 0.006478
1544, 15.440000, -0.006130, 0.006417
1545, 15.450000, -0.006098, 0.006355
1546, 15.460000, -0.006065, 0.006294
1547, 15.470000, -0.006033, 0.006233
1548, 15.480000, -0.006001, 0.006172
1549, 15.490000, -0.005970, 0.006112
1550, 15.500000, -0.005938, 0.006052
1551, 15.510000, -0.005907, 0.005992
1552, 15.520000, -0.005875, 0.005933
1553, 15.530000, -0.005844, 0.005874
1554, 15.540000, -0.005813, 0.005815
1555, 15.550000, -0.005782, 0.005757
1556, 15.560000, -0.005752, 0.005698
1557, 15.570000, -0.005721, 0.005641
1558, 15.580000, -0.005691, 0.005583
1559, 15.590000, -0.005661, 0.005526
1560, 15.600000, -0.005631, 0.005469
1561, 15.610000, -0.005601, 0.005412
1562, 15.620000, -0.005571, 0.005356
1563, 15.630000, -0.005542, 0.005300
1564, 15.640000, -0.005512, 0.005244
1565, 15.650000, -0.005483, 0.005189
1566, 15.660000, -0.005454, 0.005134
1567, 15.670000, -0.005425, 0.005079
1568, 15.680000, -0.005396, 0.005025
1569, 15.690000, -0.005368, 0.004970
1570, 15.700000, -0.005339, 0.004916
1571, 15.710000, -0.005311, 0.004863
1572, 15.720000, -0.005283, 0.004809
1573, 15.730000, -0.005255, 0.004756
1574, 15.740000, -0.005227, 0.004704
1575, 15.750000, -0.005199, 0.004651
1576, 15.760000, -0.005171, 0.004599
1577, 15.770000, -0.005144, 0.004547
1578, 15.780000, -0.005117, 0.004495
1579, 15.790000, -0.005089, 0.004444
1580, 15.800000, -0.005062, 0.004393
1581, 15.810000, -0.005035, 0.004342
1582, 15.820000, -0.005009, 0.004291
1583, 15.830000, -0.004982, 0.004241
1584, 15.840000, -0.004956, 0.004191
1585, 15.850000, -0.004929, 0.004141
1586, 15.860000, -0.004903, 0.004091
1587, 15.870000, -0.004877, 0.004042
1588, 15.880000, -0.004851, 0.003993
1589, 15.890000, -0.004825, 0.003944
1590, 15.900000, -0.004800, 0.003896
1591, 15.910000, -0.004774, 0.003848
1592, 15.920000, -0.004749, 0.003800
1593, 15.930000, -0.004723, 0.003752
1594, 15.940000, -0.004698, 0.003704
1595, 15.950000, -0.004673, 0.003657
1596, 15.960000, -0.004648, 0.003610
1597, 15.970000, -0.004624, 0.003563
1598, 15.980000, -0.004599, 0.003517
1599, 15.990000, -0.004575, 0.003471
1600, 16.000000, -0.004550, 0.003425
1601, 16.010000, -0.004526, 0.003379
1602, 16.020000, -0.004502, 0.003334
1603, 16.030000, -0.004478, 0.003288
1604, 16.040000, -0.004454, 0.003243
1605, 16.050000, -0.004430, 0.003199
1606, 16.060000, -0.004407, 0.003154
1607, 16.070000, -0.004383, 0.003110
1608, 16.080000, -0.004360, 0.003066
1609, 16.090000, -0.004337, 0.003022
1610, 16.100000, -0.004314, 0.002978
1611, 16.110000, -0.004291, 0.002935
1612, 16.120000, -0.004268, 0.002892
1613, 16.130000, -0.004245, 0.002849
1614, 16.140000, -0.004222, 0.002806
1615, 16.150000, -0.004200, 0.002764
1616, 16.160000, -0.004178, 0.002722
1617, 16.170000, -0.004155, 0.002680
1618, 16.180000, -0.004133, 0.002638
1619, 16.190000, -0.004111, 0.002596
1620, 16.200000, -0.004089, 0.002555
1621, 16.210000, -0.004067, 0.002514
1622, 16.220000, -0.004046, 0.002473
1623, 16.230000, -0.004024, 0.002432
1624, 16.240000, -0.004003, 0.002392
1625, 16.250000, -0.003981, 0.002352
1626, 16.260000, -0.003960, 0.002312
1627, 16.270000, -0.003939, 0.002272
1628, 16.280000, -0.003918, 0.002232
1629, 16.290000, -0.003897, 0.002193
1630, 16.300000, -0.003876, 0.002154
1631, 16.310000, -0.003855, 0.002115
1632, 16.320000, -0.003835, 0.002076
1633, 16.330000, -0.003814, 0.002038
1634, 16.340000, -0.003794, 0.001999
1635, 16.350000, -0.003774, 0.001961
1636, 16.360000, -0.003754, 0.001923
1637, 16.370000, -0.003734, 0.001885
1638, 16.380000, -0.003714, 0.001848
1639, 16.390000, -0.003694, 0.001811
1640, 16.400000, -0.003674, 0.001773
1641, 16.410000, -0.003654, 0.001737
1642, 16.420000, -0.003635, 0.001700
1643, 16.430000, -0.003615, 0.001663
1644, 16.440000, -0.003596, 0.001627
1645, 16.450000, -0.003577, 0.001591
1646, 16.460000, -0.003558, 0.001555
1647, 16.470000, -0.003539, 0.001519
1648, 16.480000, -0.003520, 0.001484
1649, 16.490000, -0.003501, 0.001448
1650, 16.500000, -0.003482, 0.001413
1651, 16.510000, -0.003464, 0.001378
1652, 16.520000, -0.003445, 0.001343
1653, 16.530000, -0.003427, 0.001309
1654, 16.540000, -0.003408, 0.001274
1655, 16.550000, -0.003390, 0.001240
1656, 16.560000, -0.003372, 0.001206
1657, 16.570000, -0.003354, 0.001172
1658, 16.580000, -0.003336, 0.001138
1659, 16.590000, -0.003318, 0.001105
1660, 16.600000, -0.003300, 0.001071
1661, 16.610000, -0.003283, 0.001038
1662, 16.620000, -0.003265, 0.001005
1663, 16.630000, -0.003248, 0.000972
1664, 16.640000, -0.003230, 0.000940
1665, 16.650000, -0.003213, 0.000907
1666, 16.660000, -0.003196, 0.000875
1667, 16.670000, -0.003179, 0.000843
1668, 16.680000, -0.003161, 0.000811
1669, 16.690000, -0.003145, 0.000779
1670, 16.700000, -0.003128, 0.000748
1671, 16.710000, -0.003111, 0.000716
1672, 16.720000, -0.003094, 0.000685
1673, 16.730000, -0.003078, 0.000654
1674, 16.740000, -0.003061, 0.000623
1675, 16.750000, -0.003045, 0.000592
1676, 16.760000, -0.003028, 0.000561
1677, 16.770000, -0.003012, 0.000531
1678, 16.780000, -0.002996, 0.000501
1679, 16.790000, -0.002980, 0.000471
1680, 16.800000, -0.002964, 0.000441
1681, 16.810000, -0.002948, 0.000411
1682, 16.820000, -0.002932, 0.000381
1683, 16.830000, -0.002917, 0.000352
1684, 16.840000, -0.002901, 0.000322
1685, 16.850000, -0.002885, 0.000293
1686, 16.860000, -0.002870, 0.000264
1687, 16.870000, -0.002854, 0.000235
1688, 16.880000, -0.002839, 0.000207
1689, 16.890000, -0.002824, 0.000178
1690, 16.900000, -0.002809, 0.000150
1691, 16.910000, -0.002794, 0.000122
1692, 16.920000, -0.002779, 0.000094
1693, 16.930000, -0.002764, 0.000066
1694, 16.940000, -0.002749, 0.000038
1695, 16.950000, -0.002734, 0.000010
1696, 16.960000, -0.002719, -0.000017
1697, 16.970000, -0.002705, -0.000045
1698, 16.980000, -0.002690, -0.000072
1699, 16.990000, -0.002676, -0.000099
1700, 17.000000, -0.002661, -0.000126
1701, 17.010000, -0.002647, -0.000152
1702, 17.020000, -0.002633, -0.000179
1703, 17.030000, -0.002619, -0.000206
1704, 17.040000, -0.002605, -0.000232
1705, 17.050000, -0.002591, -0.000258
1706, 17.060000, -0.002577, -0.000284
1707, 17.070000, -0.002563, -0.000310
1708, 17.080000, -0.002549, -0.000336
1709, 17.090000, -0.002535, -0.000361
1710, 17.100000, -0.002522, -0.000387
1711, 17.110000, -0.002508, -0.000412
1712, 17.120000, -0.002495, -0.000437
1713, 17.130000, -0.002481, -0.000462
1714, 17.140000, -0.002468, -0.000487
1715, 17.150000, -0.002455, -0.000512
1716, 17.160000, -0.002441, -0.000537
1717, 17.170000, -0.002428, -0.000561
1718, 17.180000, -0.002415, -0.000586
1719, 17.190000, -0.002402, -0.000610
1720, 17.200000, -0.002389, -0.000634
1721, 17.210000, -0.002376, -0.000658
1722, 17.220000, -0.002364, -0.000682
1723, 17.230000, -0.002351, -0.000706
1724, 17.240000, -0.002338, -0.000729
1725, 17.250000, -0.002326, -0.000753
1726, 17.260000, -0.002313, -0.000776
1727, 17.270000, -0.002301, -0.000800
1728, 17.280000, -0.002288, -0.000823
1729, 17.290000, -0.002276, -0.000846
1730, 17.300000, -0.002264, -0.000869
1731, 17.310000, -0.002251, -0.000891
1732, 17.320000, -0.002239, -0.000914
1733, 17.330000, -0.002227, -0.000936
1734, 17.340000, -0.002215, -0.000959
1735, 17.350000, -0.002203, -0.000981
1736, 17.360000, -0.002191, -0.001003
1737, 17.370000, -0.002180, -0.001025
1738, 17.380000, -0.002168, -0.001047
1739, 17.390000, -0.002156, -0.001069
1740, 17.400000, -0.002145, -0.001091
1741, 17.410000, -0.002133, -0.001112
1742, 17.420000, -0.002121, -0.001134
1743, 17.430000, -0.002110, -0.001155
1744, 17.440000, -0.002099, -0.001176
1745, 17.450000, -0.002087, -0.001197
1746, 17.460000, -0.002076, -0.001218
1747, 17.470000, -0.002065, -0.001239
1748, 17.480000, -0.002054, -0.001260
1749, 17.490000, -0.002043, -0.001280
1750, 17.500000, -0.002032, -0.001301
1751, 17.510000, -0.002021, -0.001321
1752, 17.520000, -0.002010, -0.001342
1753, 17.530000, -0.001999, -0.001362
1754, 17.540000, -0.001988, -0.001382
1755, 17.550000, -0.001977, -0.001402
1756, 17.560000, -0.001967, -0.001422
1757, 17.570000, -0.001956, -0.001442
1758, 17.580000, -0.001945, -0.001461
1759, 17.590000, -0.001935, -0.001481
1760, 17.600000, -0.001924, -0.001500
1761, 17.610000, -0.001914, -0.001520
1762, 17.620000, -0.001904, -0.001539
1763, 17.630000, -0.001893, -0.001558
1764, 17.640000, -0.001883, -0.001577
1765, 17.650000, -0.001873, -0.001596
1766, 17.660000, -0.001863, -0.001615
1767, 17.670000, -0.001853, -0.001633
1768, 17.680000, -0.001843, -0.001652
1769, 17.690000, -0.001833, -0.001671
1770, 17.700000, -0.001823, -0.001689
1771, 17.710000, -0.001813, -0.001707
1772, 17.720000, -0.001803, -0.001726
1773, 17.730000, -0.001794, -0.001744
1774, 17.740000, -0.001784, -0.001762
1775, 17.750000, -0.001774, -0.001780
1776, 17.760000, -0.001765, -0.001797
1777, 17.770000, -0.001755, -0.001815
1778, 17.780000, -0.001746, -0.001833
1779, 17.790000, -0.001736, -0.001850
1780, 17.800000, -0.001727, -0.001868
1781, 17.810000, -0.001717, -0.001885
1782, 17.820000, -0.001708, -0.001902
1783, 17.830000, -0.001699, -0.001920
1784, 17.840000, -0.001690, -0.001937
1785, 17.850000, -0.001680, -0.001954
1786, 17.860000, -0.001671, -0.001971
1787, 17.870000, -0.001662, -0.001987
1788, 17.880000, -0.001653, -0.002004
1789, 17.890000, -0.001644, -0.002021
1790, 17.900000, -0.001635, -0.002037
1791, 17.910000, -0.001627, -0.002054
1792, 17.920000, -0.001618, -0.002070
1793, 17.930000, -0.001609, -0.002086
1794, 17.940000, -0.001600, -0.002102
1795, 17.950000, -0.001592, -0.002119
1796, 17.960000, -0.001583, -0.002134
1797, 17.970000, -0.001574, -0.002150
1798, 17.980000, -0.001566, -0.002166
1799, 17.990000, -0.001557, -0.002182
1800, 18.000000, -0.001549, -0.002198
1801, 18.010000, -0.001541, -0.002213
1802, 18.020000, -0.001532, -0.002229
1803, 18.030000, -0.001524, -0.002244
1804, 18.040000, -0.001516, -0.002259
1805, 18.050000, -0.001507, -0.002275
1806, 18.060000, -0.001499, -0.002290
1807, 18.070000, -0.001491, -0.002305
1808, 18.080000, -0.001483, -0.002320
1809, 18.090000, -0.001475, -0.002335
1810, 18.100000, -0.001467, -0.002350
1811, 18.110000, -0.001459, -0.002364
1812, 18.120000, -0.001451, -0.002379
1813, 18.130000, -0.001443, -0.002394
1814, 18.140000, -0.001435, -0.002408
1815, 18.150000, -0.001428, -0.002422
1816, 18.160000, -0.001420, -0.002437
1817, 18.170000, -0.001412, -0.002451
1818, 18.180000, -0.001404, -0.002465
1819, 18.190000, -0.001397, -0.002479
1820, 18.200000, -0.001389, -0.002493
1821, 18.210000, -0.001382, -0.002507
1822, 18.220000, -0.001374, -0.002521
1823, 18.230000, -0.001367, -0.002535
1824, 18.240000, -0.001359, -0.002549
1825, 18.250000, -0.001352, -0.002562
1826, 18.260000, -0.001345, -0.002576
1827, 18.270000, -0.001337, -0.002590
1828, 18.280000, -0.001330, -0.002603
1829, 18.290000, -0.001323, -0.002616
1830, 18.300000, -0.001316, -0.002630
1831, 18.310000, -0.001308, -0.002643
1832, 18.320000, -0.001301, -0.002656
1833, 18.330000, -0.001294, -0.002669
1834, 18.340000, -0.001287, -0.002682
1835, 18.350000, -0.001280, -0.002695
1836, 18.360000, -0.001273, -0.002708
1837, 18.370000, -0.001266, -0.002721
1838, 18.380000, -0.001259, -0.002733
1839, 18.390000, -0.001253, -0.002746
1840, 18.400000, -0.001246, -0.002759
1841, 18.410000, -0.001239, -0.002771
1842, 18.420000, -0.001232, -0.002784
1843, 18.430000, -0.001226, -0.002796
1844, 18.440000, -0.001219, -0.002808
1845, 18.450000, -0.001212, -0.002821
1846, 18.460000, -0.001206, -0.002833
1847, 18.470000, -0.001199, -0.002845
1848, 18.480000, -0.001193, -0.002857
1849, 18.490000, -0.001186, -0.002869
1850, 18.500000, -0.001180, -0.002881
1851, 18.510000, -0.001173, -0.002893
1852, 18.520000, -0.001167, -0.002905
1853, 18.530000, -0.001160, -0.002916
1854, 18.540000, -0.001154, -0.002928
1855, 18.550000, -0.001148, -0.002939
1856, 18.560000, -0.001142, -0.002951
1857, 18.570000, -0.001135, -0.002963
1858, 18.580000, -0.001129, -0.002974
1859, 18.590000, -0.001123, -0.002985
1860, 18.600000, -0.001117, -0.002997
1861, 18.610000, -0.001111, -0.003008
1862, 18.620000, -0.001105, -0.003019
1863, 18.630000, -0.001099, -0.003030
1864, 18.640000, -0.001093, -0.003041
1865, 18.650000, -0.001087, -0.003052
1866, 18.660000, -0.001081, -0.003063
1867, 18.670000, -0.001075, -0.003074
1868, 18.680000, -0.001069, -0.003085
1869, 18.690000, -0.001063, -0.003095
1870, 18.700000, -0.001057, -0.003106
1871, 18.710000, -0.001052, -0.003117
1872, 18.720000, -0.001046, -0.003127
1873, 18.730000, -0.001040, -0.003138
1874, 18.740000, -0.001035, -0.003148
1875, 18.750000, -0.001029, -0.003159
1876, 18.760000, -0.001023, -0.003169
1877, 18.770000, -0.001018, -0.003179
1878, 18.780000, -0.001012, -0.003189
1879, 18.790000, -0.001007, -0.003200
1880, 18.800000, -0.001001, -0.003210
1881, 18.810000, -0.000996, -0.003220
1882, 18.820000, -0.000990, -0.003230
1883, 18.830000, -0.000985, -0.003240
1884, 18.840000, -0.000979, -0.003250
1885, 18.850000, -0.000974, -0.003260
1886, 18.860000, -0.000969, -0.003269
1887, 18.870000, -0.000964, -0.003279
1888, 18.880000, -0.000958, -0.003289
1889, 18.890000, -0.000953, -0.003298
1890, 18.900000, -0.000948, -0.003308
1891, 18.910000, -0.000943, -0.003317
1892, 18.920000, -0.000937, -0.003327
1893, 18.930000, -0.000932, -0.003336
1894, 18.940000, -0.000927, -0.003346
1895, 18.950000, -0.000922, -0.003355
1896, 18.960000, -0.000917, -0.003364
1897, 18.970000, -0.000912, -0.003374
1898, 18.980000, -0.000907, -0.003383
1899, 18.990000, -0.000902, -0.003392
1900, 19.000000, -0.000897, -0.003401
1901, 19.010000, -0.000892, -0.003410
1902, 19.020000, -0.000887, -0.003419
1903, 19.030000, -0.000883, -0.003428
1904, 19.040000, -0.000878, -0.003437
1905, 19.050000, -0.000873, -0.003446
1906, 19.060000, -0.000868, -0.003454
1907, 19.070000, -0.000863, -0.003463
1908, 19.080000, -0.000859, -0.003472
1909, 19.090000, -0.000854, -0.003480
1910, 19.100000, -0.000849, -0.003489
1911, 19.110000, -0.000845, -0.003497
1912, 19.120000, -0.000840, -0.003506
1913, 19.130000, -0.000836, -0.003514
1914, 19.140000, -0.000831, -0.003523
1915, 19.150000, -0.000826, -0.003531
1916, 19.160000, -0.000822, -0.003539
1917, 19.170000, -0.000817, -0.003548
1918, 19.180000, -0.000813, -0.003556
1919, 19.190000, -0.000808, -0.003564
1920, 19.200000, -0.000804, -0.003572
1921, 19.210000, -0.000800, -0.003580
1922, 19.220000, -0.000795, -0.003588
1923, 19.230000, -0.000791, -0.003596
1924, 19.240000, -0.000787, -0.003604
1925, 19.250000, -0.000782, -0.003612
1926, 19.260000, -0.000778, -0.003620
1927, 19.270000, -0.000774, -0.003628
1928, 19.280000, -0.000769, -0.003636
1929, 19.290000, -0.000765, -0.003643
1930, 19.300000, -0.000761, -0.003651
1931, 19.310000, -0.000757, -0.003659
1932, 19.320000, -0.000753, -0.003666
1933, 19.330000, -0.000749, -0.003674
1934, 19.340000, -0.000745, -0.003681
1935, 19.350000, -0.000740, -0.003689
1936, 19.360000, -0.000736, -0.003696
1937, 19.370000, -0.000732, -0.003704
1938, 19.380000, -0.000728, -0.003711
1939, 19.390000, -0.000724, -0.003718
1940, 19.400000, -0.000720, -0.003726
1941, 19.410000, -0.000716, -0.003733
1942, 19.420000, -0.000712, -0.003740
1943, 19.430000, -0.000709, -0.003747
1944, 19.440000, -0.000705, -0.003754
1945, 19.450000, -0.000701, -0.003761
1946, 19.460000, -0.000697, -0.003769
1947, 19.470000, -0.000693, -0.003776
1948, 19.480000, -0.000689, -0.003782
1949, 19.490000, -0.000686, -0.003789
1950, 19.500000, -0.000682, -0.003796
1951, 19.510000, -0.000678, -0.003803
1952, 19.520000, -0.000674, -0.003810
1953, 19.530000, -0.000671, -0.003817
1954, 19.540000, -0.000667, -0.003823
1955, 19.550000, -0.000663, -0.003830
1956, 19.560000, -0.000660, -0.003837
1957, 19.570000, -0.000656, -0.003843
1958, 19.580000, -0.000652, -0.003850
1959, 19.590000, -0.000649, -0.003857
1960, 19.600000, -0.000645, -0.003863
1961, 19.610000, -0.000642, -0.003870
1962, 19.620000, -0.000638, -0.003876
1963, 19.630000, -0.000635, -0.003883
1964, 19.640000, -0.000631, -0.003889
1965, 19.650000, -0.000628, -0.003895
1966, 19.660000, -0.000624, -0.003902
1967, 19.670000, -0.000621, -0.003908
1968, 19.680000, -0.000617, -0.003914
1969, 19.690000, -0.000614, -0.003920
1970, 19.700000, -0.000611, -0.003926
1971, 19.710000, -0.000607, -0.003933
1972, 19.720000, -0.000604, -0.003939
1973, 19.730000, -0.000601, -0.003945
1974, 19.740000, -0.000597, -0.003951
1975, 19.750000, -0.000594, -0.003957
1976, 19.760000, -0.000591, -0.003963
1977, 19.770000, -0.000588, -0.003969
1978, 19.780000, -0.000584, -0.003975
1979, 19.790000, -0.000581, -0.003980
1980, 19.800000, -0.000578, -0.003986
1981, 19.810000, -0.000575, -0.003992
1982, 19.820000, -0.000572, -0.003998
1983, 19.830000, -0.000568, -0.004004
1984, 19.840000, -0.000565, -0.004009
1985, 19.850000, -0.000562, -0.004015
1986, 19.860000, -0.000559, -0.004021
1987, 19.870000, -0.000556, -0.004026
1988, 19.880000, -0.000553, -0.004032
1989, 19.890000, -0.000550, -0.004037
1990, 19.900000, -0.000547, -0.004043
1991, 19.910000, -0.000544, -0.004048
1992, 19.920000, -0.000541, -0.004054
1993, 19.930000, -0.000538, -0.004059
1994, 19.940000, -0.000535, -0.004065
1995, 19.950000, -0.000532, -0.004070
1996, 19.960000, -0.000529, -0.004075
1997, 19.970000, -0.000526, -0.004081
1998, 19.980000, -0.000523, -0.004086
1999, 19.990000, -0.000520, -0.004091
2000, 20.000000, -0.000518, -0.004097
