i, t, y, v
0, 0.000000, 10.000000, 0.000000
1, 0.005000, 10.000000, -0.200000
2, 0.010000, 9.999000, -0.400000
3, 0.015000, 9.997000, -0.599980
4, 0.020000, 9.994000, -0.799920
5, 0.025000, 9.990000, -0.999800
6, 0.030000, 9.985001, -1.199600
7, 0.035000, 9.979003, -1.399300
8, 0.040000, 9.972007, -1.598880
9, 0.045000, 9.964013, -1.798320
10, 0.050000, 9.955021, -1.997601
11, 0.055000, 9.945033, -2.196701
12, 0.060000, 9.934049, -2.395602
13, 0.065000, 9.922071, -2.594283
14, 0.070000, 9.909100, -2.792724
15, 0.075000, 9.895136, -2.990906
16, 0.080000, 9.880182, -3.188809
17, 0.085000, 9.864238, -3.386412
18, 0.090000, 9.847306, -3.583697
19, 0.095000, 9.829387, -3.780643
20, 0.100000, 9.810484, -3.977231
21, 0.105000, 9.790598, -4.173441
22, 0.110000, 9.769731, -4.369253
23, 0.115000, 9.747884, -4.564647
24, 0.120000, 9.725061, -4.759605
25, 0.125000, 9.701263, -4.954106
26, 0.130000, 9.676493, -5.148131
27, 0.135000, 9.650752, -5.341661
28, 0.140000, 9.624044, -5.534676
29, 0.145000, 9.596370, -5.727157
30, 0.150000, 9.567735, -5.919085
31, 0.155000, 9.538139, -6.110439
32, 0.160000, 9.507587, -6.301202
33, 0.165000, 9.476081, -6.491354
34, 0.170000, 9.443624, -6.680875
35, 0.175000, 9.410220, -6.869748
36, 0.180000, 9.375871, -7.057952
37, 0.185000, 9.340581, -7.245470
38, 0.190000, 9.304354, -7.432281
39, 0.195000, 9.267193, -7.618368
40, 0.200000, 9.229101, -7.803712
41, 0.205000, 9.190082, -7.988294
42, 0.210000, 9.150141, -8.172096
43, 0.215000, 9.109280, -8.355099
44, 0.220000, 9.067505, -8.537284
45, 0.225000, 9.024818, -8.718634
46, 0.230000, 8.981225, -8.899131
47, 0.235000, 8.936729, -9.078755
48, 0.240000, 8.891336, -9.257490
49, 0.245000, 8.845048, -9.435317
50, 0.250000, 8.797872, -9.612218
51, 0.255000, 8.749811, -9.788175
52, 0.260000, 8.700870, -9.963171
53, 0.265000, 8.651054, -10.137189
54, 0.270000, 8.600368, -10.310210
55, 0.275000, 8.548817, -10.482217
56, 0.280000, 8.496406, -10.653193
57, 0.285000, 8.443140, -10.823122
58, 0.290000, 8.389024, -10.991984
59, 0.295000, 8.334064, -11.159765
60, 0.300000, 8.278265, -11.326446
61, 0.305000, 8.221633, -11.492011
62, 0.310000, 8.164173, -11.656444
63, 0.315000, 8.105891, -11.819728
64, 0.320000, 8.046792, -11.981845
65, 0.325000, 7.986883, -12.142781
66, 0.330000, 7.926169, -12.302519
67, 0.335000, 7.864657, -12.461042
68, 0.340000, 7.802351, -12.618335
69, 0.345000, 7.739260, -12.774382
70, 0.350000, 7.675388, -12.929168
71, 0.355000, 7.610742, -13.082675
72, 0.360000, 7.545329, -13.234890
73, 0.365000, 7.479154, -13.385797
74, 0.370000, 7.412225, -13.535380
75, 0.375000, 7.344548, -13.683624
76, 0.380000, 7.276130, -13.830515
77, 0.385000, 7.206977, -13.976038
78, 0.390000, 7.137097, -14.120177
79, 0.395000, 7.066496, -14.262919
80, 0.400000, 6.995182, -14.404249
81, 0.405000, 6.923161, -14.544153
82, 0.410000, 6.850440, -14.682616
83, 0.415000, 6.777027, -14.819625
84, 0.420000, 6.702929, -14.955165
85, 0.425000, 6.628153, -15.089224
86, 0.430000, 6.552707, -15.221787
87, 0.435000, 6.476598, -15.352841
88, 0.440000, 6.399834, -15.482373
89, 0.445000, 6.322422, -15.610370
90, 0.450000, 6.244370, -15.736818
91, 0.455000, 6.165686, -15.861706
92, 0.460000, 6.086377, -15.985019
93, 0.465000, 6.006452, -16.106747
94, 0.470000, 5.925918, -16.226876
95, 0.475000, 5.844784, -16.345394
96, 0.480000, 5.763057, -16.462290
97, 0.485000, 5.680746, -16.577551
98, 0.490000, 5.597858, -16.691166
99, 0.495000, 5.514402, -16.803123
100, 0.500000, 5.430386, -16.913411
101, 0.505000, 5.345819, -17.022019
102, 0.510000, 5.260709, -17.128935
103, 0.515000, 5.175065, -17.234150
104, 0.520000, 5.088894, -17.337651
105, 0.525000, 5.002206, -17.439429
106, 0.530000, 4.915008, -17.539473
107, 0.535000, 4.827311, -17.637773
108, 0.540000, 4.739122, -17.734319
109, 0.545000, 4.650451, -17.829102
110, 0.550000, 4.561305, -17.922111
111, 0.555000, 4.471694, -18.013337
112, 0.560000, 4.381628, -18.102771
113, 0.565000, 4.291114, -18.190403
114, 0.570000, 4.200162, -18.276226
115, 0.575000, 4.108781, -18.360229
116, 0.580000, 4.016980, -18.442404
117, 0.585000, 3.924768, -18.522744
118, 0.590000, 3.832154, -18.601239
119, 0.595000, 3.739148, -18.677882
120, 0.600000, 3.645758, -18.752665
121, 0.605000, 3.551995, -18.825581
122, 0.610000, 3.457867, -18.896620
123, 0.615000, 3.363384, -18.965778
124, 0.620000, 3.268555, -19.033045
125, 0.625000, 3.173390, -19.098417
126, 0.630000, 3.077898, -19.161884
127, 0.635000, 2.982088, -19.223442
128, 0.640000, 2.885971, -19.283084
129, 0.645000, 2.789556, -19.340803
130, 0.650000, 2.692852, -19.396595
131, 0.655000, 2.595869, -19.450452
132, 0.660000, 2.498616, -19.502369
133, 0.665000, 2.401105, -19.552341
134, 0.670000, 2.303343, -19.600363
135, 0.675000, 2.205341, -19.646430
136, 0.680000, 2.107109, -19.690537
137, 0.685000, 2.008656, -19.732679
138, 0.690000, 1.909993, -19.772852
139, 0.695000, 1.811129, -19.811052
140, 0.700000, 1.712073, -19.847275
141, 0.705000, 1.612837, -19.881516
142, 0.710000, 1.513429, -19.913773
143, 0.715000, 1.413861, -19.944042
144, 0.720000, 1.314140, -19.972319
145, 0.725000, 1.214279, -19.998602
146, 0.730000, 1.114286, -20.022887
147, 0.735000, 1.014171, -20.045173
148, 0.740000, 0.913945, -20.065456
149, 0.745000, 0.813618, -20.083735
150, 0.750000, 0.713199, -20.100008
151, 0.755000, 0.612699, -20.114272
152, 0.760000, 0.512128, -20.126526
153, 0.765000, 0.411495, -20.136768
154, 0.770000, 0.310812, -20.144998
155, 0.775000, 0.210087, -20.151214
156, 0.780000, 0.109331, -20.155416
157, 0.785000, 0.008553, -20.157603
158, 0.790000, -0.092235, -20.157774
159, 0.795000, -0.193023, -20.155929
160, 0.800000, -0.293803, -20.152069
161, 0.805000, -0.394563, -20.146193
162, 0.810000, -0.495294, -20.138301
163, 0.815000, -0.595986, -20.128395
164, 0.820000, -0.696628, -20.116476
165, 0.825000, -0.797210, -20.102543
166, 0.830000, -0.897723, -20.086599
167, 0.835000, -0.998156, -20.068644
168, 0.840000, -1.098499, -20.048681
169, 0.845000, -1.198743, -20.026711
170, 0.850000, -1.298876, -20.002736
171, 0.855000, -1.398890, -19.976759
172, 0.860000, -1.498774, -19.948781
173, 0.865000, -1.598518, -19.918806
174, 0.870000, -1.698112, -19.886835
175, 0.875000, -1.797546, -19.852873
176, 0.880000, -1.896810, -19.816922
177, 0.885000, -1.995895, -19.778986
178, 0.890000, -2.094790, -19.739068
179, 0.895000, -2.193485, -19.697172
180, 0.900000, -2.291971, -19.653303
181, 0.905000, -2.390237, -19.607463
182, 0.910000, -2.488275, -19.559658
183, 0.915000, -2.586073, -19.509893
184, 0.920000, -2.683622, -19.458171
185, 0.925000, -2.780913, -19.404499
186, 0.930000, -2.877936, -19.348881
187, 0.935000, -2.974680, -19.291322
188, 0.940000, -3.071137, -19.231828
189, 0.945000, -3.167296, -19.170406
190, 0.950000, -3.263148, -19.107060
191, 0.955000, -3.358683, -19.041797
192, 0.960000, -3.453892, -18.974623
193, 0.965000, -3.548765, -18.905545
194, 0.970000, -3.643293, -18.834570
195, 0.975000, -3.737466, -18.761704
196, 0.980000, -3.831274, -18.686955
197, 0.985000, -3.924709, -18.610329
198, 0.990000, -4.017761, -18.531835
199, 0.995000, -4.110420, -18.451480
200, 1.000000, -4.202677, -18.369272
201, 1.005000, -4.294524, -18.285218
202, 1.010000, -4.385950, -18.199328
203, 1.015000, -4.476947, -18.111609
204, 1.020000, -4.567505, -18.022070
205, 1.025000, -4.657615, -17.930719
206, 1.030000, -4.747269, -17.837567
207, 1.035000, -4.836456, -17.742622
208, 1.040000, -4.925169, -17.645893
209, 1.045000, -5.013399, -17.547389
210, 1.050000, -5.101136, -17.447121
211, 1.055000, -5.188371, -17.345099
212, 1.060000, -5.275097, -17.241331
213, 1.065000, -5.361304, -17.135829
214, 1.070000, -5.446983, -17.028603
215, 1.075000, -5.532126, -16.919664
216, 1.080000, -5.616724, -16.809021
217, 1.085000, -5.700769, -16.696687
218, 1.090000, -5.784253, -16.582671
219, 1.095000, -5.867166, -16.466986
220, 1.100000, -5.949501, -16.349643
221, 1.105000, -6.031249, -16.230653
222, 1.110000, -6.112402, -16.110028
223, 1.115000, -6.192953, -15.987780
224, 1.120000, -6.272891, -15.863921
225, 1.125000, -6.352211, -15.738463
226, 1.130000, -6.430903, -15.611419
227, 1.135000, -6.508960, -15.482801
228, 1.140000, -6.586374, -15.352621
229, 1.145000, -6.663138, -15.220894
230, 1.150000, -6.739242, -15.087631
231, 1.155000, -6.814680, -14.952846
232, 1.160000, -6.889444, -14.816553
233, 1.165000, -6.963527, -14.678764
234, 1.170000, -7.036921, -14.539493
235, 1.175000, -7.109618, -14.398755
236, 1.180000, -7.181612, -14.256562
237, 1.185000, -7.252895, -14.112930
238, 1.190000, -7.323460, -13.967872
239, 1.195000, -7.393299, -13.821403
240, 1.200000, -7.462406, -13.673537
241, 1.205000, -7.530774, -13.524289
242, 1.210000, -7.598395, -13.373674
243, 1.215000, -7.665264, -13.221706
244, 1.220000, -7.731372, -13.068400
245, 1.225000, -7.796714, -12.913773
246, 1.230000, -7.861283, -12.757839
247, 1.235000, -7.925072, -12.600613
248, 1.240000, -7.988075, -12.442111
249, 1.245000, -8.050286, -12.282350
250, 1.250000, -8.111698, -12.121344
251, 1.255000, -8.172304, -11.959110
252, 1.260000, -8.232100, -11.795664
253, 1.265000, -8.291078, -11.631022
254, 1.270000, -8.349233, -11.465201
255, 1.275000, -8.406559, -11.298216
256, 1.280000, -8.463050, -11.130085
257, 1.285000, -8.518701, -10.960824
258, 1.290000, -8.573505, -10.790450
259, 1.295000, -8.627457, -10.618980
260, 1.300000, -8.680552, -10.446431
261, 1.305000, -8.732784, -10.272820
262, 1.310000, -8.784148, -10.098164
263, 1.315000, -8.834639, -9.922481
264, 1.320000, -8.884252, -9.745788
265, 1.325000, -8.932980, -9.568103
266, 1.330000, -8.980821, -9.389443
267, 1.335000, -9.027768, -9.209827
268, 1.340000, -9.073817, -9.029272
269, 1.345000, -9.118964, -8.847795
270, 1.350000, -9.163203, -8.665416
271, 1.355000, -9.206530, -8.482152
272, 1.360000, -9.248940, -8.298021
273, 1.365000, -9.290431, -8.113043
274, 1.370000, -9.330996, -7.927234
275, 1.375000, -9.370632, -7.740614
276, 1.380000, -9.409335, -7.553201
277, 1.385000, -9.447101, -7.365015
278, 1.390000, -9.483926, -7.176073
279, 1.395000, -9.519806, -6.986394
280, 1.400000, -9.554738, -6.795998
281, 1.405000, -9.588718, -6.604903
282, 1.410000, -9.621743, -6.413129
283, 1.415000, -9.653809, -6.220694
284, 1.420000, -9.684912, -6.027618
285, 1.425000, -9.715050, -5.833920
286, 1.430000, -9.744220, -5.639619
287, 1.435000, -9.772418, -5.444734
288, 1.440000, -9.799642, -5.249286
289, 1.445000, -9.825888, -5.053293
290, 1.450000, -9.851154, -4.856775
291, 1.455000, -9.875438, -4.659752
292, 1.460000, -9.898737, -4.462243
293, 1.465000, -9.921048, -4.264269
294, 1.470000, -9.942370, -4.065848
295, 1.475000, -9.962699, -3.867000
296, 1.480000, -9.982034, -3.667746
297, 1.485000, -10.000373, -3.468106
298, 1.490000, -10.017713, -3.268098
299, 1.495000, -10.034054, -3.067744
300, 1.500000, -10.049392, -2.867063
301, 1.505000, -10.063728, -2.666075
302, 1.510000, -10.077058, -2.464801
303, 1.515000, -10.089382, -2.263259
304, 1.520000, -10.100698, -2.061472
305, 1.525000, -10.111006, -1.859458
306, 1.530000, -10.120303, -1.657238
307, 1.535000, -10.128589, -1.454832
308, 1.540000, -10.135863, -1.252260
309, 1.545000, -10.142125, -1.049543
310, 1.550000, -10.147372, -0.846700
311, 1.555000, -10.151606, -0.643753
312, 1.560000, -10.154825, -0.440720
313, 1.565000, -10.157028, -0.237624
314, 1.570000, -10.158216, -0.034483
315, 1.575000, -10.158389, 0.168681
316, 1.580000, -10.157545, 0.371849
317, 1.585000, -10.155686, 0.575000
318, 1.590000, -10.152811, 0.778113
319, 1.595000, -10.148921, 0.981170
320, 1.600000, -10.144015, 1.184148
321, 1.605000, -10.138094, 1.387028
322, 1.610000, -10.131159, 1.589790
323, 1.615000, -10.123210, 1.792413
324, 1.620000, -10.114248, 1.994878
325, 1.625000, -10.104273, 2.197162
326, 1.630000, -10.093288, 2.399248
327, 1.635000, -10.081291, 2.601114
328, 1.640000, -10.068286, 2.802740
329, 1.645000, -10.054272, 3.004105
330, 1.650000, -10.039252, 3.205191
331, 1.655000, -10.023226, 3.405976
332, 1.660000, -10.006196, 3.606440
333, 1.665000, -9.988164, 3.806564
334, 1.670000, -9.969131, 4.006327
335, 1.675000, -9.949099, 4.205710
336, 1.680000, -9.928071, 4.404692
337, 1.685000, -9.906047, 4.603253
338, 1.690000, -9.883031, 4.801374
339, 1.695000, -9.859024, 4.999035
340, 1.700000, -9.834029, 5.196215
341, 1.705000, -9.808048, 5.392896
342, 1.710000, -9.781083, 5.589057
343, 1.715000, -9.753138, 5.784679
344, 1.720000, -9.724214, 5.979741
345, 1.725000, -9.694316, 6.174226
346, 1.730000, -9.663445, 6.368112
347, 1.735000, -9.631604, 6.561381
348, 1.740000, -9.598797, 6.754013
349, 1.745000, -9.565027, 6.945989
350, 1.750000, -9.530297, 7.137289
351, 1.755000, -9.494611, 7.327895
352, 1.760000, -9.457971, 7.517788
353, 1.765000, -9.420382, 7.706947
354, 1.770000, -9.381848, 7.895355
355, 1.775000, -9.342371, 8.082992
356, 1.780000, -9.301956, 8.269839
357, 1.785000, -9.260607, 8.455878
358, 1.790000, -9.218327, 8.641090
359, 1.795000, -9.175122, 8.825457
360, 1.800000, -9.130995, 9.008959
361, 1.805000, -9.085950, 9.191579
362, 1.810000, -9.039992, 9.373298
363, 1.815000, -8.993125, 9.554098
364, 1.820000, -8.945355, 9.733961
365, 1.825000, -8.896685, 9.912868
366, 1.830000, -8.847121, 10.090801
367, 1.835000, -8.796667, 10.267744
368, 1.840000, -8.745328, 10.443677
369, 1.845000, -8.693110, 10.618584
370, 1.850000, -8.640017, 10.792446
371, 1.855000, -8.586054, 10.965246
372, 1.860000, -8.531228, 11.136967
373, 1.865000, -8.475543, 11.307592
374, 1.870000, -8.419005, 11.477103
375, 1.875000, -8.361620, 11.645483
376, 1.880000, -8.303393, 11.812715
377, 1.885000, -8.244329, 11.978783
378, 1.890000, -8.184435, 12.143670
379, 1.895000, -8.123717, 12.307358
380, 1.900000, -8.062180, 12.469833
381, 1.905000, -7.999831, 12.631076
382, 1.910000, -7.936675, 12.791073
383, 1.915000, -7.872720, 12.949806
384, 1.920000, -7.807971, 13.107261
385, 1.925000, -7.742435, 13.263420
386, 1.930000, -7.676118, 13.418269
387, 1.935000, -7.609026, 13.571791
388, 1.940000, -7.541167, 13.723972
389, 1.945000, -7.472547, 13.874795
390, 1.950000, -7.403173, 14.024246
391, 1.955000, -7.333052, 14.172310
392, 1.960000, -7.262191, 14.318971
393, 1.965000, -7.190596, 14.464214
394, 1.970000, -7.118275, 14.608026
395, 1.975000, -7.045235, 14.750392
396, 1.980000, -6.971483, 14.891296
397, 1.985000, -6.897026, 15.030726
398, 1.990000, -6.821872, 15.168667
399, 1.995000, -6.746029, 15.305104
400, 2.000000, -6.669504, 15.440025
401, 2.005000, -6.592304, 15.573415
402, 2.010000, -6.514436, 15.705261
403, 2.015000, -6.435910, 15.835550
404, 2.020000, -6.356732, 15.964268
405, 2.025000, -6.276911, 16.091402
406, 2.030000, -6.196454, 16.216941
407, 2.035000, -6.115369, 16.340870
408, 2.040000, -6.033665, 16.463177
409, 2.045000, -5.951349, 16.583850
410, 2.050000, -5.868430, 16.702877
411, 2.055000, -5.784915, 16.820246
412, 2.060000, -5.700814, 16.935944
413, 2.065000, -5.616135, 17.049961
414, 2.070000, -5.530885, 17.162283
415, 2.075000, -5.445073, 17.272901
416, 2.080000, -5.358709, 17.381802
417, 2.085000, -5.271800, 17.488977
418, 2.090000, -5.184355, 17.594413
419, 2.095000, -5.096383, 17.698100
420, 2.100000, -5.007892, 17.800027
421, 2.105000, -4.918892, 17.900185
422, 2.110000, -4.829391, 17.998563
423, 2.115000, -4.739398, 18.095151
424, 2.120000, -4.648923, 18.189939
425, 2.125000, -4.557973, 18.282917
426, 2.130000, -4.466558, 18.374077
427, 2.135000, -4.374688, 18.463408
428, 2.140000, -4.282371, 18.550902
429, 2.145000, -4.189616, 18.636549
430, 2.150000, -4.096434, 18.720341
431, 2.155000, -4.002832, 18.802270
432, 2.160000, -3.908821, 18.882327
433, 2.165000, -3.814409, 18.960503
434, 2.170000, -3.719607, 19.036791
435, 2.175000, -3.624423, 19.111183
436, 2.180000, -3.528867, 19.183672
437, 2.185000, -3.432948, 19.254249
438, 2.190000, -3.336677, 19.322908
439, 2.195000, -3.240063, 19.389642
440, 2.200000, -3.143114, 19.454443
441, 2.205000, -3.045842, 19.517305
442, 2.210000, -2.948256, 19.578222
443, 2.215000, -2.850364, 19.637187
444, 2.220000, -2.752179, 19.694195
445, 2.225000, -2.653708, 19.749238
446, 2.230000, -2.554961, 19.802312
447, 2.235000, -2.455950, 19.853411
448, 2.240000, -2.356683, 19.902530
449, 2.245000, -2.257170, 19.949664
450, 2.250000, -2.157422, 19.994808
451, 2.255000, -2.057448, 20.037956
452, 2.260000, -1.957258, 20.079105
453, 2.265000, -1.856862, 20.118250
454, 2.270000, -1.756271, 20.155387
455, 2.275000, -1.655494, 20.190513
456, 2.280000, -1.554542, 20.223623
457, 2.285000, -1.453424, 20.254713
458, 2.290000, -1.352150, 20.283782
459, 2.295000, -1.250731, 20.310825
460, 2.300000, -1.149177, 20.335840
461, 2.305000, -1.047498, 20.358823
462, 2.310000, -0.945704, 20.379773
463, 2.315000, -0.843805, 20.398687
464, 2.320000, -0.741811, 20.415563
465, 2.325000, -0.639734, 20.430399
466, 2.330000, -0.537582, 20.443194
467, 2.335000, -0.435366, 20.453946
468, 2.340000, -0.333096, 20.462653
469, 2.345000, -0.230783, 20.469315
470, 2.350000, -0.128436, 20.473931
471, 2.355000, -0.026066, 20.476499
472, 2.360000, 0.076316, 20.477021
473, 2.365000, 0.178701, 20.475494
474, 2.370000, 0.281079, 20.471920
475, 2.375000, 0.383438, 20.466299
476, 2.380000, 0.485770, 20.458630
477, 2.385000, 0.588063, 20.448915
478, 2.390000, 0.690308, 20.437153
479, 2.395000, 0.792493, 20.423347
480, 2.400000, 0.894610, 20.407497
481, 2.405000, 0.996648, 20.389605
482, 2.410000, 1.098596, 20.369672
483, 2.415000, 1.200444, 20.347700
484, 2.420000, 1.302182, 20.323691
485, 2.425000, 1.403801, 20.297648
486, 2.430000, 1.505289, 20.269572
487, 2.435000, 1.606637, 20.239466
488, 2.440000, 1.707834, 20.207333
489, 2.445000, 1.808871, 20.173176
490, 2.450000, 1.909737, 20.136999
491, 2.455000, 2.010422, 20.098804
492, 2.460000, 2.110916, 20.058596
493, 2.465000, 2.211209, 20.016378
494, 2.470000, 2.311291, 19.972153
495, 2.475000, 2.411152, 19.925928
496, 2.480000, 2.510781, 19.877705
497, 2.485000, 2.610170, 19.827489
498, 2.490000, 2.709307, 19.775286
499, 2.495000, 2.808184, 19.721099
500, 2.500000, 2.906789, 19.664936
501, 2.505000, 3.005114, 19.606800
502, 2.510000, 3.103148, 19.546698
503, 2.515000, 3.200881, 19.484635
504, 2.520000, 3.298304, 19.420617
505, 2.525000, 3.395407, 19.354651
506, 2.530000, 3.492181, 19.286743
507, 2.535000, 3.588614, 19.216899
508, 2.540000, 3.684699, 19.145127
509, 2.545000, 3.780425, 19.071433
510, 2.550000, 3.875782, 18.995824
511, 2.555000, 3.970761, 18.918309
512, 2.560000, 4.065352, 18.838894
513, 2.565000, 4.159547, 18.757587
514, 2.570000, 4.253335, 18.674396
515, 2.575000, 4.346707, 18.589329
516, 2.580000, 4.439653, 18.502395
517, 2.585000, 4.532165, 18.413602
518, 2.590000, 4.624233, 18.322958
519, 2.595000, 4.715848, 18.230474
520, 2.600000, 4.807001, 18.136157
521, 2.605000, 4.897681, 18.040017
522, 2.610000, 4.987881, 17.942063
523, 2.615000, 5.077592, 17.842306
524, 2.620000, 5.166803, 17.740754
525, 2.625000, 5.255507, 17.637418
526, 2.630000, 5.343694, 17.532308
527, 2.635000, 5.431356, 17.425434
528, 2.640000, 5.518483, 17.316807
529, 2.645000, 5.605067, 17.206437
530, 2.650000, 5.691099, 17.094336
531, 2.655000, 5.776571, 16.980514
532, 2.660000, 5.861473, 16.864982
533, 2.665000, 5.945798, 16.747753
534, 2.670000, 6.029537, 16.628837
535, 2.675000, 6.112681, 16.508246
536, 2.680000, 6.195222, 16.385992
537, 2.685000, 6.277152, 16.262088
538, 2.690000, 6.358463, 16.136545
539, 2.695000, 6.439146, 16.009376
540, 2.700000, 6.519192, 15.880593
541, 2.705000, 6.598595, 15.750209
542, 2.710000, 6.677346, 15.618237
543, 2.715000, 6.755438, 15.484690
544, 2.720000, 6.832861, 15.349581
545, 2.725000, 6.909609, 15.212924
546, 2.730000, 6.985674, 15.074732
547, 2.735000, 7.061047, 14.935018
548, 2.740000, 7.135722, 14.793797
549, 2.745000, 7.209691, 14.651083
550, 2.750000, 7.282947, 14.506889
551, 2.755000, 7.355481, 14.361230
552, 2.760000, 7.427287, 14.214121
553, 2.765000, 7.498358, 14.065575
554, 2.770000, 7.568686, 13.915608
555, 2.775000, 7.638264, 13.764234
556, 2.780000, 7.707085, 13.611469
557, 2.785000, 7.775142, 13.457327
558, 2.790000, 7.842429, 13.301824
559, 2.795000, 7.908938, 13.144976
560, 2.800000, 7.974663, 12.986797
561, 2.805000, 8.039597, 12.827304
562, 2.810000, 8.103733, 12.666512
563, 2.815000, 8.167066, 12.504437
564, 2.820000, 8.229588, 12.341096
565, 2.825000, 8.291294, 12.176504
566, 2.830000, 8.352176, 12.010678
567, 2.835000, 8.412230, 11.843634
568, 2.840000, 8.471448, 11.675390
569, 2.845000, 8.529825, 11.505961
570, 2.850000, 8.587355, 11.335364
571, 2.855000, 8.644031, 11.163617
572, 2.860000, 8.699849, 10.990737
573, 2.865000, 8.754803, 10.816740
574, 2.870000, 8.808887, 10.641644
575, 2.875000, 8.862095, 10.465466
576, 2.880000, 8.914422, 10.288224
577, 2.885000, 8.965863, 10.109936
578, 2.890000, 9.016413, 9.930618
579, 2.895000, 9.066066, 9.750290
580, 2.900000, 9.114818, 9.568969
581, 2.905000, 9.162663, 9.386672
582, 2.910000, 9.209596, 9.203419
583, 2.915000, 9.255613, 9.019227
584, 2.920000, 9.300709, 8.834115
585, 2.925000, 9.344880, 8.648101
586, 2.930000, 9.388120, 8.461203
587, 2.935000, 9.430426, 8.273441
588, 2.940000, 9.471793, 8.084832
589, 2.945000, 9.512218, 7.895396
590, 2.950000, 9.551695, 7.705152
591, 2.955000, 9.590220, 7.514118
592, 2.960000, 9.627791, 7.322314
593, 2.965000, 9.664403, 7.129758
594, 2.970000, 9.700051, 6.936470
595, 2.975000, 9.734734, 6.742469
596, 2.980000, 9.768446, 6.547774
597, 2.985000, 9.801185, 6.352405
598, 2.990000, 9.832947, 6.156382
599, 2.995000, 9.863729, 5.959723
600, 3.000000, 9.893527, 5.762448
601, 3.005000, 9.922340, 5.564577
602, 3.010000, 9.950163, 5.366131
603, 3.015000, 9.976993, 5.167127
604, 3.020000, 10.002829, 4.967588
605, 3.025000, 10.027667, 4.767531
606, 3.030000, 10.051504, 4.566978
607, 3.035000, 10.074339, 4.365948
608, 3.040000, 10.096169, 4.164461
609, 3.045000, 10.116991, 3.962537
610, 3.050000, 10.136804, 3.760198
611, 3.055000, 10.155605, 3.557461
612, 3.060000, 10.173392, 3.354349
613, 3.065000, 10.190164, 3.150882
614, 3.070000, 10.205918, 2.947078
615, 3.075000, 10.220654, 2.742960
616, 3.080000, 10.234369, 2.538547
617, 3.085000, 10.247061, 2.333859
618, 3.090000, 10.258731, 2.128918
619, 3.095000, 10.269375, 1.923744
620, 3.100000, 10.278994, 1.718356
621, 3.105000, 10.287586, 1.512776
622, 3.110000, 10.295150, 1.307024
623, 3.115000, 10.301685, 1.101121
624, 3.120000, 10.307190, 0.895088
625, 3.125000, 10.311666, 0.688944
626, 3.130000, 10.315111, 0.482711
627, 3.135000, 10.317524, 0.276408
628, 3.140000, 10.318906, 0.070058
629, 3.145000, 10.319256, -0.136320
630, 3.150000, 10.318575, -0.342705
631, 3.155000, 10.316861, -0.549077
632, 3.160000, 10.314116, -0.755414
633, 3.165000, 10.310339, -0.961696
634, 3.170000, 10.305530, -1.167903
635, 3.175000, 10.299691, -1.374014
636, 3.180000, 10.292821, -1.580008
637, 3.185000, 10.284921, -1.785864
638, 3.190000, 10.275991, -1.991562
639, 3.195000, 10.266034, -2.197082
640, 3.200000, 10.255048, -2.402403
641, 3.205000, 10.243036, -2.607504
642, 3.210000, 10.229999, -2.812365
643, 3.215000, 10.215937, -3.016965
644, 3.220000, 10.200852, -3.221283
645, 3.225000, 10.184746, -3.425300
646, 3.230000, 10.167619, -3.628995
647, 3.235000, 10.149474, -3.832348
648, 3.240000, 10.130312, -4.035337
649, 3.245000, 10.110136, -4.237943
650, 3.250000, 10.088946, -4.440146
651, 3.255000, 10.066745, -4.641925
652, 3.260000, 10.043536, -4.843260
653, 3.265000, 10.019319, -5.044131
654, 3.270000, 9.994099, -5.244517
655, 3.275000, 9.967876, -5.444399
656, 3.280000, 9.940654, -5.643756
657, 3.285000, 9.912435, -5.842570
658, 3.290000, 9.883222, -6.040818
659, 3.295000, 9.853018, -6.238483
660, 3.300000, 9.821826, -6.435543
661, 3.305000, 9.789648, -6.631980
662, 3.310000, 9.756488, -6.827773
663, 3.315000, 9.722350, -7.022902
664, 3.320000, 9.687235, -7.217349
665, 3.325000, 9.651148, -7.411094
666, 3.330000, 9.614093, -7.604117
667, 3.335000, 9.576072, -7.796399
668, 3.340000, 9.537090, -7.987920
669, 3.345000, 9.497151, -8.178662
670, 3.350000, 9.456257, -8.368605
671, 3.355000, 9.414414, -8.557730
672, 3.360000, 9.371626, -8.746019
673, 3.365000, 9.327896, -8.933451
674, 3.370000, 9.283228, -9.120009
675, 3.375000, 9.237628, -9.305674
676, 3.380000, 9.191100, -9.490426
677, 3.385000, 9.143648, -9.674248
678, 3.390000, 9.095276, -9.857121
679, 3.395000, 9.045991, -10.039027
680, 3.400000, 8.995796, -10.219946
681, 3.405000, 8.944696, -10.399862
682, 3.410000, 8.892697, -10.578756
683, 3.415000, 8.839803, -10.756610
684, 3.420000, 8.786020, -10.933406
685, 3.425000, 8.731353, -11.109127
686, 3.430000, 8.675807, -11.283754
687, 3.435000, 8.619388, -11.457270
688, 3.440000, 8.562102, -11.629658
689, 3.445000, 8.503954, -11.800900
690, 3.450000, 8.444949, -11.970979
691, 3.455000, 8.385094, -12.139878
692, 3.460000, 8.324395, -12.307580
693, 3.465000, 8.262857, -12.474067
694, 3.470000, 8.200487, -12.639325
695, 3.475000, 8.137290, -12.803334
696, 3.480000, 8.073273, -12.966080
697, 3.485000, 8.008443, -13.127546
698, 3.490000, 7.942805, -13.287714
699, 3.495000, 7.876367, -13.446571
700, 3.500000, 7.809134, -13.604098
701, 3.505000, 7.741113, -13.760281
702, 3.510000, 7.672312, -13.915103
703, 3.515000, 7.602737, -14.068549
704, 3.520000, 7.532394, -14.220604
705, 3.525000, 7.461291, -14.371252
706, 3.530000, 7.389435, -14.520478
707, 3.535000, 7.316832, -14.668266
708, 3.540000, 7.243491, -14.814603
709, 3.545000, 7.169418, -14.959473
710, 3.550000, 7.094620, -15.102861
711, 3.555000, 7.019106, -15.244753
712, 3.560000, 6.942882, -15.385136
713, 3.565000, 6.865957, -15.523993
714, 3.570000, 6.788337, -15.661312
715, 3.575000, 6.710030, -15.797079
716, 3.580000, 6.631045, -15.931280
717, 3.585000, 6.551388, -16.063901
718, 3.590000, 6.471069, -16.194928
719, 3.595000, 6.390094, -16.324350
720, 3.600000, 6.308472, -16.452152
721, 3.605000, 6.226212, -16.578321
722, 3.610000, 6.143320, -16.702845
723, 3.615000, 6.059806, -16.825712
724, 3.620000, 5.975677, -16.946908
725, 3.625000, 5.890943, -17.066421
726, 3.630000, 5.805611, -17.184240
727, 3.635000, 5.719689, -17.300352
728, 3.640000, 5.633188, -17.414746
729, 3.645000, 5.546114, -17.527410
730, 3.650000, 5.458477, -17.638332
731, 3.655000, 5.370285, -17.747502
732, 3.660000, 5.281548, -17.854907
733, 3.665000, 5.192273, -17.960538
734, 3.670000, 5.102471, -18.064384
735, 3.675000, 5.012149, -18.166433
736, 3.680000, 4.921316, -18.266676
737, 3.685000, 4.829983, -18.365103
738, 3.690000, 4.738158, -18.461702
739, 3.695000, 4.645849, -18.556465
740, 3.700000, 4.553067, -18.649382
741, 3.705000, 4.459820, -18.740444
742, 3.710000, 4.366118, -18.829640
743, 3.715000, 4.271969, -18.916962
744, 3.720000, 4.177385, -19.002402
745, 3.725000, 4.082373, -19.085950
746, 3.730000, 3.986943, -19.167597
747, 3.735000, 3.891105, -19.247336
748, 3.740000, 3.794868, -19.325158
749, 3.745000, 3.698242, -19.401055
750, 3.750000, 3.601237, -19.475020
751, 3.755000, 3.503862, -19.547045
752, 3.760000, 3.406127, -19.617122
753, 3.765000, 3.308041, -19.685245
754, 3.770000, 3.209615, -19.751406
755, 3.775000, 3.110858, -19.815598
756, 3.780000, 3.011780, -19.877815
757, 3.785000, 2.912391, -19.938051
758, 3.790000, 2.812701, -19.996298
759, 3.795000, 2.712719, -20.052552
760, 3.800000, 2.612456, -20.106807
761, 3.805000, 2.511922, -20.159056
762, 3.810000, 2.411127, -20.209294
763, 3.815000, 2.310081, -20.257517
764, 3.820000, 2.208793, -20.303718
765, 3.825000, 2.107274, -20.347894
766, 3.830000, 2.005535, -20.390040
767, 3.835000, 1.903585, -20.430151
768, 3.840000, 1.801434, -20.468222
769, 3.845000, 1.699093, -20.504251
770, 3.850000, 1.596572, -20.538233
771, 3.855000, 1.493880, -20.570164
772, 3.860000, 1.391030, -20.600042
773, 3.865000, 1.288029, -20.627862
774, 3.870000, 1.184890, -20.653623
775, 3.875000, 1.081622, -20.677321
776, 3.880000, 0.978235, -20.698953
777, 3.885000, 0.874741, -20.718518
778, 3.890000, 0.771148, -20.736013
779, 3.895000, 0.667468, -20.751436
780, 3.900000, 0.563711, -20.764785
781, 3.905000, 0.459887, -20.776059
782, 3.910000, 0.356007, -20.785257
783, 3.915000, 0.252080, -20.792377
784, 3.920000, 0.148118, -20.797419
785, 3.925000, 0.044131, -20.800381
786, 3.930000, -0.059871, -20.801264
787, 3.935000, -0.163877, -20.800066
788, 3.940000, -0.267877, -20.796789
789, 3.945000, -0.371861, -20.791431
790, 3.950000, -0.475818, -20.783994
791, 3.955000, -0.579738, -20.774478
792, 3.960000, -0.683611, -20.762883
793, 3.965000, -0.787425, -20.749211
794, 3.970000, -0.891171, -20.733462
795, 3.975000, -0.994839, -20.715639
796, 3.980000, -1.098417, -20.695742
797, 3.985000, -1.201895, -20.673774
798, 3.990000, -1.305264, -20.649736
799, 3.995000, -1.408513, -20.623630
800, 4.000000, -1.511631, -20.595460
801, 4.005000, -1.614608, -20.565228
802, 4.010000, -1.717435, -20.532935
803, 4.015000, -1.820099, -20.498587
804, 4.020000, -1.922592, -20.462185
805, 4.025000, -2.024903, -20.423733
806, 4.030000, -2.127022, -20.383235
807, 4.035000, -2.228938, -20.340694
808, 4.040000, -2.330641, -20.296116
809, 4.045000, -2.432122, -20.249503
810, 4.050000, -2.533370, -20.200860
811, 4.055000, -2.634374, -20.150193
812, 4.060000, -2.735125, -20.097505
813, 4.065000, -2.835612, -20.042803
814, 4.070000, -2.935826, -19.986091
815, 4.075000, -3.035757, -19.927374
816, 4.080000, -3.135394, -19.866659
817, 4.085000, -3.234727, -19.803951
818, 4.090000, -3.333747, -19.739257
819, 4.095000, -3.432443, -19.672582
820, 4.100000, -3.530806, -19.603933
821, 4.105000, -3.628826, -19.533317
822, 4.110000, -3.726492, -19.460740
823, 4.115000, -3.823796, -19.386210
824, 4.120000, -3.920727, -19.309734
825, 4.125000, -4.017276, -19.231320
826, 4.130000, -4.113432, -19.150974
827, 4.135000, -4.209187, -19.068706
828, 4.140000, -4.304531, -18.984522
829, 4.145000, -4.399453, -18.898431
830, 4.150000, -4.493945, -18.810442
831, 4.155000, -4.587998, -18.720563
832, 4.160000, -4.681600, -18.628803
833, 4.165000, -4.774744, -18.535171
834, 4.170000, -4.867420, -18.439677
835, 4.175000, -4.959619, -18.342328
836, 4.180000, -5.051330, -18.243136
837, 4.185000, -5.142546, -18.142109
838, 4.190000, -5.233256, -18.039258
839, 4.195000, -5.323453, -17.934593
840, 4.200000, -5.413126, -17.828124
841, 4.205000, -5.502266, -17.719862
842, 4.210000, -5.590866, -17.609816
843, 4.215000, -5.678915, -17.497999
844, 4.220000, -5.766405, -17.384421
845, 4.225000, -5.853327, -17.269093
846, 4.230000, -5.939672, -17.152026
847, 4.235000, -6.025432, -17.033233
848, 4.240000, -6.110599, -16.912724
849, 4.245000, -6.195162, -16.790512
850, 4.250000, -6.279115, -16.666609
851, 4.255000, -6.362448, -16.541026
852, 4.260000, -6.445153, -16.413777
853, 4.265000, -6.527222, -16.284874
854, 4.270000, -6.608646, -16.154330
855, 4.275000, -6.689418, -16.022157
856, 4.280000, -6.769529, -15.888369
857, 4.285000, -6.848971, -15.752978
858, 4.290000, -6.927735, -15.615999
859, 4.295000, -7.005815, -15.477444
860, 4.300000, -7.083203, -15.337328
861, 4.305000, -7.159889, -15.195664
862, 4.310000, -7.235868, -15.052466
863, 4.315000, -7.311130, -14.907748
864, 4.320000, -7.385669, -14.761526
865, 4.325000, -7.459476, -14.613813
866, 4.330000, -7.532545, -14.464623
867, 4.335000, -7.604868, -14.313972
868, 4.340000, -7.676438, -14.161875
869, 4.345000, -7.747248, -14.008346
870, 4.350000, -7.817289, -13.853401
871, 4.355000, -7.886556, -13.697055
872, 4.360000, -7.955042, -13.539324
873, 4.365000, -8.022738, -13.380223
874, 4.370000, -8.089639, -13.219768
875, 4.375000, -8.155738, -13.057976
876, 4.380000, -8.221028, -12.894861
877, 4.385000, -8.285502, -12.730440
878, 4.390000, -8.349155, -12.564730
879, 4.395000, -8.411978, -12.397747
880, 4.400000, -8.473967, -12.229508
881, 4.405000, -8.535115, -12.060028
882, 4.410000, -8.595415, -11.889326
883, 4.415000, -8.654861, -11.717418
884, 4.420000, -8.713448, -11.544320
885, 4.425000, -8.771170, -11.370052
886, 4.430000, -8.828020, -11.194628
887, 4.435000, -8.883993, -11.018068
888, 4.440000, -8.939084, -10.840388
889, 4.445000, -8.993286, -10.661606
890, 4.450000, -9.046594, -10.481740
891, 4.455000, -9.099002, -10.300809
892, 4.460000, -9.150506, -10.118829
893, 4.465000, -9.201101, -9.935818
894, 4.470000, -9.250780, -9.751796
895, 4.475000, -9.299539, -9.566781
896, 4.480000, -9.347373, -9.380790
897, 4.485000, -9.394277, -9.193843
898, 4.490000, -9.440246, -9.005957
899, 4.495000, -9.485276, -8.817152
900, 4.500000, -9.529361, -8.627447
901, 4.505000, -9.572499, -8.436859
902, 4.510000, -9.614683, -8.245409
903, 4.515000, -9.655910, -8.053116
904, 4.520000, -9.696175, -7.859998
905, 4.525000, -9.735475, -7.666074
906, 4.530000, -9.773806, -7.471365
907, 4.535000, -9.811163, -7.275888
908, 4.540000, -9.847542, -7.079665
909, 4.545000, -9.882940, -6.882714
910, 4.550000, -9.917354, -6.685056
911, 4.555000, -9.950779, -6.486708
912, 4.560000, -9.983213, -6.287693
913, 4.565000, -10.014651, -6.088029
914, 4.570000, -10.045091, -5.887736
915, 4.575000, -10.074530, -5.686834
916, 4.580000, -10.102964, -5.485343
917, 4.585000, -10.130391, -5.283284
918, 4.590000, -10.156807, -5.080676
919, 4.595000, -10.182211, -4.877540
920, 4.600000, -10.206598, -4.673896
921, 4.605000, -10.229968, -4.469764
922, 4.610000, -10.252317, -4.265164
923, 4.615000, -10.273643, -4.060118
924, 4.620000, -10.293943, -3.854645
925, 4.625000, -10.313216, -3.648766
926, 4.630000, -10.331460, -3.442502
927, 4.635000, -10.348673, -3.235873
928, 4.640000, -10.364852, -3.028899
929, 4.645000, -10.379997, -2.821602
930, 4.650000, -10.394105, -2.614002
931, 4.655000, -10.407175, -2.406120
932, 4.660000, -10.419205, -2.197977
933, 4.665000, -10.430195, -1.989593
934, 4.670000, -10.440143, -1.780989
935, 4.675000, -10.449048, -1.572186
936, 4.680000, -10.456909, -1.363205
937, 4.685000, -10.463725, -1.154067
938, 4.690000, -10.469495, -0.944792
939, 4.695000, -10.474219, -0.735402
940, 4.700000, -10.477896, -0.525918
941, 4.705000, -10.480526, -0.316360
942, 4.710000, -10.482108, -0.106749
943, 4.715000, -10.482641, 0.102893
944, 4.720000, -10.482127, 0.312545
945, 4.725000, -10.480564, 0.522188
946, 4.730000, -10.477953, 0.731799
947, 4.735000, -10.474294, 0.941358
948, 4.740000, -10.469588, 1.150844
949, 4.745000, -10.463833, 1.360236
950, 4.750000, -10.457032, 1.569513
951, 4.755000, -10.449185, 1.778653
952, 4.760000, -10.440291, 1.987637
953, 4.765000, -10.430353, 2.196443
954, 4.770000, -10.419371, 2.405050
955, 4.775000, -10.407346, 2.613437
956, 4.780000, -10.394278, 2.821584
957, 4.785000, -10.380171, 3.029470
958, 4.790000, -10.365023, 3.237073
959, 4.795000, -10.348838, 3.444374
960, 4.800000, -10.331616, 3.651350
961, 4.805000, -10.313359, 3.857983
962, 4.810000, -10.294069, 4.064250
963, 4.815000, -10.273748, 4.270131
964, 4.820000, -10.252397, 4.475606
965, 4.825000, -10.230019, 4.680654
966, 4.830000, -10.206616, 4.885255
967, 4.835000, -10.182190, 5.089387
968, 4.840000, -10.156743, 5.293031
969, 4.845000, -10.130278, 5.496166
970, 4.850000, -10.102797, 5.698771
971, 4.855000, -10.074303, 5.900827
972, 4.860000, -10.044799, 6.102313
973, 4.865000, -10.014287, 6.303209
974, 4.870000, -9.982771, 6.503495
975, 4.875000, -9.950254, 6.703150
976, 4.880000, -9.916738, 6.902155
977, 4.885000, -9.882227, 7.100490
978, 4.890000, -9.846725, 7.298135
979, 4.895000, -9.810234, 7.495069
980, 4.900000, -9.772759, 7.691274
981, 4.905000, -9.734302, 7.886729
982, 4.910000, -9.694869, 8.081415
983, 4.915000, -9.654462, 8.275312
984, 4.920000, -9.613085, 8.468402
985, 4.925000, -9.570743, 8.660663
986, 4.930000, -9.527440, 8.852078
987, 4.935000, -9.483179, 9.042627
988, 4.940000, -9.437966, 9.232291
989, 4.945000, -9.391805, 9.421050
990, 4.950000, -9.344700, 9.608886
991, 4.955000, -9.296655, 9.795780
992, 4.960000, -9.247676, 9.981713
993, 4.965000, -9.197768, 10.166667
994, 4.970000, -9.146934, 10.350622
995, 4.975000, -9.095181, 10.533561
996, 4.980000, -9.042513, 10.715464
997, 4.985000, -8.988936, 10.896315
998, 4.990000, -8.934455, 11.076093
999, 4.995000, -8.879074, 11.254782
1000, 5.000000, -8.822800, 11.432364
1001, 5.005000, -8.765638, 11.608820
1002, 5.010000, -8.707594, 11.784133
1003, 5.015000, -8.648674, 11.958285
1004, 5.020000, -8.588882, 12.131258
1005, 5.025000, -8.528226, 12.303036
1006, 5.030000, -8.466711, 12.473600
1007, 5.035000, -8.404343, 12.642934
1008, 5.040000, -8.341128, 12.811021
1009, 5.045000, -8.277073, 12.977844
1010, 5.050000, -8.212184, 13.143385
1011, 5.055000, -8.146467, 13.307629
1012, 5.060000, -8.079929, 13.470558
1013, 5.065000, -8.012576, 13.632157
1014, 5.070000, -7.944415, 13.792408
1015, 5.075000, -7.875453, 13.951297
1016, 5.080000, -7.805697, 14.108806
1017, 5.085000, -7.735153, 14.264920
1018, 5.090000, -7.663828, 14.419623
1019, 5.095000, -7.591730, 14.572899
1020, 5.100000, -7.518865, 14.724734
1021, 5.105000, -7.445242, 14.875111
1022, 5.110000, -7.370866, 15.024016
1023, 5.115000, -7.295746, 15.171433
1024, 5.120000, -7.219889, 15.317348
1025, 5.125000, -7.143302, 15.461746
1026, 5.130000, -7.065993, 15.604612
1027, 5.135000, -6.987970, 15.745932
1028, 5.140000, -6.909241, 15.885691
1029, 5.145000, -6.829812, 16.023876
1030, 5.150000, -6.749693, 16.160472
1031, 5.155000, -6.668890, 16.295466
1032, 5.160000, -6.587413, 16.428844
1033, 5.165000, -6.505269, 16.560592
1034, 5.170000, -6.422466, 16.690698
1035, 5.175000, -6.339012, 16.819147
1036, 5.180000, -6.254917, 16.945927
1037, 5.185000, -6.170187, 17.071026
1038, 5.190000, -6.084832, 17.194429
1039, 5.195000, -5.998860, 17.316126
1040, 5.200000, -5.912279, 17.436103
1041, 5.205000, -5.825099, 17.554349
1042, 5.210000, -5.737327, 17.670851
1043, 5.215000, -5.648973, 17.785597
1044, 5.220000, -5.560045, 17.898577
1045, 5.225000, -5.470552, 18.009778
1046, 5.230000, -5.380503, 18.119189
1047, 5.235000, -5.289907, 18.226799
1048, 5.240000, -5.198773, 18.332597
1049, 5.245000, -5.107110, 18.436572
1050, 5.250000, -5.014927, 18.538715
1051, 5.255000, -4.922234, 18.639013
1052, 5.260000, -4.829038, 18.737458
1053, 5.265000, -4.735351, 18.834039
1054, 5.270000, -4.641181, 18.928746
1055, 5.275000, -4.546537, 19.021569
1056, 5.280000, -4.451429, 19.112500
1057, 5.285000, -4.355867, 19.201528
1058, 5.290000, -4.259859, 19.288646
1059, 5.295000, -4.163416, 19.373843
1060, 5.300000, -4.066547, 19.457111
1061, 5.305000, -3.969261, 19.538442
1062, 5.310000, -3.871569, 19.617827
1063, 5.315000, -3.773480, 19.695259
1064, 5.320000, -3.675004, 19.770728
1065, 5.325000, -3.576150, 19.844229
1066, 5.330000, -3.476929, 19.915752
1067, 5.335000, -3.377350, 19.985290
1068, 5.340000, -3.277424, 20.052837
1069, 5.345000, -3.177159, 20.118386
1070, 5.350000, -3.076568, 20.181929
1071, 5.355000, -2.975658, 20.243460
1072, 5.360000, -2.874441, 20.302973
1073, 5.365000, -2.772926, 20.360462
1074, 5.370000, -2.671123, 20.415921
1075, 5.375000, -2.569044, 20.469343
1076, 5.380000, -2.466697, 20.520724
1077, 5.385000, -2.364093, 20.570058
1078, 5.390000, -2.261243, 20.617340
1079, 5.395000, -2.158156, 20.662565
1080, 5.400000, -2.054844, 20.705728
1081, 5.405000, -1.951315, 20.746825
1082, 5.410000, -1.847581, 20.785851
1083, 5.415000, -1.743652, 20.822803
1084, 5.420000, -1.639538, 20.857676
1085, 5.425000, -1.535249, 20.890466
1086, 5.430000, -1.430797, 20.921171
1087, 5.435000, -1.326191, 20.949787
1088, 5.440000, -1.221442, 20.976311
1089, 5.445000, -1.116561, 21.000740
1090, 5.450000, -1.011557, 21.023071
1091, 5.455000, -0.906441, 21.043302
1092, 5.460000, -0.801225, 21.061431
1093, 5.465000, -0.695918, 21.077456
1094, 5.470000, -0.590531, 21.091374
1095, 5.475000, -0.485074, 21.103185
1096, 5.480000, -0.379558, 21.112886
1097, 5.485000, -0.273993, 21.120477
1098, 5.490000, -0.168391, 21.125957
1099, 5.495000, -0.062761, 21.129325
1100, 5.500000, 0.042885, 21.130580
1101, 5.505000, 0.148538, 21.129722
1102, 5.510000, 0.254187, 21.126752
1103, 5.515000, 0.359821, 21.121668
1104, 5.520000, 0.465429, 21.114471
1105, 5.525000, 0.571001, 21.105163
1106, 5.530000, 0.676527, 21.093743
1107, 5.535000, 0.781996, 21.080212
1108, 5.540000, 0.887397, 21.064572
1109, 5.545000, 0.992720, 21.046824
1110, 5.550000, 1.097954, 21.026970
1111, 5.555000, 1.203089, 21.005011
1112, 5.560000, 1.308114, 20.980949
1113, 5.565000, 1.413019, 20.954787
1114, 5.570000, 1.517793, 20.926527
1115, 5.575000, 1.622425, 20.896171
1116, 5.580000, 1.726906, 20.863722
1117, 5.585000, 1.831225, 20.829184
1118, 5.590000, 1.935371, 20.792560
1119, 5.595000, 2.039333, 20.753852
1120, 5.600000, 2.143103, 20.713066
1121, 5.605000, 2.246668, 20.670203
1122, 5.610000, 2.350019, 20.625270
1123, 5.615000, 2.453145, 20.578270
1124, 5.620000, 2.556037, 20.529207
1125, 5.625000, 2.658683, 20.478086
1126, 5.630000, 2.761073, 20.424912
1127, 5.635000, 2.863198, 20.369691
1128, 5.640000, 2.965046, 20.312427
1129, 5.645000, 3.066608, 20.253126
1130, 5.650000, 3.167874, 20.191794
1131, 5.655000, 3.268833, 20.128436
1132, 5.660000, 3.369475, 20.063060
1133, 5.665000, 3.469790, 19.995670
1134, 5.670000, 3.569769, 19.926274
1135, 5.675000, 3.669400, 19.854879
1136, 5.680000, 3.768675, 19.781491
1137, 5.685000, 3.867582, 19.706118
1138, 5.690000, 3.966113, 19.628766
1139, 5.695000, 4.064256, 19.549444
1140, 5.700000, 4.162004, 19.468159
1141, 5.705000, 4.259344, 19.384919
1142, 5.710000, 4.356269, 19.299732
1143, 5.715000, 4.452768, 19.212606
1144, 5.720000, 4.548831, 19.123551
1145, 5.725000, 4.644448, 19.032574
1146, 5.730000, 4.739611, 18.939685
1147, 5.735000, 4.834310, 18.844893
1148, 5.740000, 4.928534, 18.748207
1149, 5.745000, 5.022275, 18.649636
1150, 5.750000, 5.115523, 18.549191
1151, 5.755000, 5.208269, 18.446880
1152, 5.760000, 5.300504, 18.342715
1153, 5.765000, 5.392217, 18.236705
1154, 5.770000, 5.483401, 18.128860
1155, 5.775000, 5.574045, 18.019192
1156, 5.780000, 5.664141, 17.907711
1157, 5.785000, 5.753680, 17.794429
1158, 5.790000, 5.842652, 17.679355
1159, 5.795000, 5.931049, 17.562502
1160, 5.800000, 6.018861, 17.443881
1161, 5.805000, 6.106081, 17.323504
1162, 5.810000, 6.192698, 17.201382
1163, 5.815000, 6.278705, 17.077528
1164, 5.820000, 6.364093, 16.951954
1165, 5.825000, 6.448852, 16.824672
1166, 5.830000, 6.532976, 16.695695
1167, 5.835000, 6.616454, 16.565036
1168, 5.840000, 6.699279, 16.432707
1169, 5.845000, 6.781443, 16.298721
1170, 5.850000, 6.862937, 16.163092
1171, 5.855000, 6.943752, 16.025833
1172, 5.860000, 7.023881, 15.886958
1173, 5.865000, 7.103316, 15.746481
1174, 5.870000, 7.182048, 15.604415
1175, 5.875000, 7.260070, 15.460774
1176, 5.880000, 7.337374, 15.315572
1177, 5.885000, 7.413952, 15.168825
1178, 5.890000, 7.489796, 15.020546
1179, 5.895000, 7.564899, 14.870750
1180, 5.900000, 7.639253, 14.719452
1181, 5.905000, 7.712850, 14.566667
1182, 5.910000, 7.785683, 14.412410
1183, 5.915000, 7.857745, 14.256696
1184, 5.920000, 7.929029, 14.099541
1185, 5.925000, 7.999527, 13.940960
1186, 5.930000, 8.069231, 13.780970
1187, 5.935000, 8.138136, 13.619585
1188, 5.940000, 8.206234, 13.456823
1189, 5.945000, 8.273518, 13.292698
1190, 5.950000, 8.339982, 13.127228
1191, 5.955000, 8.405618, 12.960428
1192, 5.960000, 8.470420, 12.792316
1193, 5.965000, 8.534382, 12.622907
1194, 5.970000, 8.597496, 12.452220
1195, 5.975000, 8.659757, 12.280270
1196, 5.980000, 8.721159, 12.107074
1197, 5.985000, 8.781694, 11.932651
1198, 5.990000, 8.841357, 11.757017
1199, 5.995000, 8.900142, 11.580190
1200, 6.000000, 8.958043, 11.402187
1201, 6.005000, 9.015054, 11.223027
1202, 6.010000, 9.071169, 11.042725
1203, 6.015000, 9.126383, 10.861302
1204, 6.020000, 9.180689, 10.678774
1205, 6.025000, 9.234083, 10.495161
1206, 6.030000, 9.286559, 10.310479
1207, 6.035000, 9.338112, 10.124748
1208, 6.040000, 9.388735, 9.937986
1209, 6.045000, 9.438425, 9.750211
1210, 6.050000, 9.487176, 9.561442
1211, 6.055000, 9.534983, 9.371699
1212, 6.060000, 9.581842, 9.180999
1213, 6.065000, 9.627747, 8.989362
1214, 6.070000, 9.672694, 8.796807
1215, 6.075000, 9.716678, 8.603353
1216, 6.080000, 9.759695, 8.409020
1217, 6.085000, 9.801740, 8.213826
1218, 6.090000, 9.842809, 8.017791
1219, 6.095000, 9.882898, 7.820935
1220, 6.100000, 9.922002, 7.623277
1221, 6.105000, 9.960119, 7.424837
1222, 6.110000, 9.997243, 7.225635
1223, 6.115000, 10.033371, 7.025690
1224, 6.120000, 10.068500, 6.825022
1225, 6.125000, 10.102625, 6.623652
1226, 6.130000, 10.135743, 6.421600
1227, 6.135000, 10.167851, 6.218885
1228, 6.140000, 10.198945, 6.015528
1229, 6.145000, 10.229023, 5.811549
1230, 6.150000, 10.258081, 5.606969
1231, 6.155000, 10.286116, 5.401807
1232, 6.160000, 10.313125, 5.196085
1233, 6.165000, 10.339105, 4.989822
1234, 6.170000, 10.364054, 4.783040
1235, 6.175000, 10.387969, 4.575759
1236, 6.180000, 10.410848, 4.368000
1237, 6.185000, 10.432688, 4.159783
1238, 6.190000, 10.453487, 3.951129
1239, 6.195000, 10.473243, 3.742059
1240, 6.200000, 10.491953, 3.532594
1241, 6.205000, 10.509616, 3.322755
1242, 6.210000, 10.526230, 3.112563
1243, 6.215000, 10.541793, 2.902038
1244, 6.220000, 10.556303, 2.691203
1245, 6.225000, 10.569759, 2.480076
1246, 6.230000, 10.582159, 2.268681
1247, 6.235000, 10.593503, 2.057038
1248, 6.240000, 10.603788, 1.845168
1249, 6.245000, 10.613014, 1.633092
1250, 6.250000, 10.621179, 1.420832
1251, 6.255000, 10.628283, 1.208408
1252, 6.260000, 10.634325, 0.995843
1253, 6.265000, 10.639305, 0.783156
1254, 6.270000, 10.643220, 0.570370
1255, 6.275000, 10.646072, 0.357506
1256, 6.280000, 10.647860, 0.144584
1257, 6.285000, 10.648583, -0.068373
1258, 6.290000, 10.648241, -0.281345
1259, 6.295000, 10.646834, -0.494309
1260, 6.300000, 10.644363, -0.707246
1261, 6.305000, 10.640826, -0.920133
1262, 6.310000, 10.636226, -1.132950
1263, 6.315000, 10.630561, -1.345674
1264, 6.320000, 10.623832, -1.558286
1265, 6.325000, 10.616041, -1.770762
1266, 6.330000, 10.607187, -1.983083
1267, 6.335000, 10.597272, -2.195227
1268, 6.340000, 10.586296, -2.407172
1269, 6.345000, 10.574260, -2.618898
1270, 6.350000, 10.561165, -2.830383
1271, 6.355000, 10.547013, -3.041607
1272, 6.360000, 10.531805, -3.252547
1273, 6.365000, 10.515543, -3.463183
1274, 6.370000, 10.498227, -3.673494
1275, 6.375000, 10.479859, -3.883458
1276, 6.380000, 10.460442, -4.093056
1277, 6.385000, 10.439977, -4.302264
1278, 6.390000, 10.418465, -4.511064
1279, 6.395000, 10.395910, -4.719433
1280, 6.400000, 10.372313, -4.927351
1281, 6.405000, 10.347676, -5.134798
1282, 6.410000, 10.322002, -5.341751
1283, 6.415000, 10.295293, -5.548191
1284, 6.420000, 10.267552, -5.754097
1285, 6.425000, 10.238782, -5.959448
1286, 6.430000, 10.208985, -6.164224
1287, 6.435000, 10.178164, -6.368404
1288, 6.440000, 10.146322, -6.571967
1289, 6.445000, 10.113462, -6.774893
1290, 6.450000, 10.079587, -6.977162
1291, 6.455000, 10.044701, -7.178754
1292, 6.460000, 10.008808, -7.379648
1293, 6.465000, 9.971909, -7.579824
1294, 6.470000, 9.934010, -7.779263
1295, 6.475000, 9.895114, -7.977943
1296, 6.480000, 9.855224, -8.175845
1297, 6.485000, 9.814345, -8.372950
1298, 6.490000, 9.772480, -8.569236
1299, 6.495000, 9.729634, -8.764686
1300, 6.500000, 9.685811, -8.959279
1301, 6.505000, 9.641014, -9.152995
1302, 6.510000, 9.595249, -9.345815
1303, 6.515000, 9.548520, -9.537720
1304, 6.520000, 9.500832, -9.728691
1305, 6.525000, 9.452188, -9.918707
1306, 6.530000, 9.402595, -10.107751
1307, 6.535000, 9.352056, -10.295803
1308, 6.540000, 9.300577, -10.482844
1309, 6.545000, 9.248163, -10.668856
1310, 6.550000, 9.194818, -10.853819
1311, 6.555000, 9.140549, -11.037715
1312, 6.560000, 9.085361, -11.220526
1313, 6.565000, 9.029258, -11.402233
1314, 6.570000, 8.972247, -11.582819
1315, 6.575000, 8.914333, -11.762264
1316, 6.580000, 8.855522, -11.940550
1317, 6.585000, 8.795819, -12.117661
1318, 6.590000, 8.735230, -12.293577
1319, 6.595000, 8.673763, -12.468282
1320, 6.600000, 8.611421, -12.641757
1321, 6.605000, 8.548212, -12.813985
1322, 6.610000, 8.484142, -12.984949
1323, 6.615000, 8.419218, -13.154632
1324, 6.620000, 8.353445, -13.323017
1325, 6.625000, 8.286829, -13.490086
1326, 6.630000, 8.219379, -13.655822
1327, 6.635000, 8.151100, -13.820210
1328, 6.640000, 8.081999, -13.983232
1329, 6.645000, 8.012083, -14.144872
1330, 6.650000, 7.941358, -14.305113
1331, 6.655000, 7.869833, -14.463941
1332, 6.660000, 7.797513, -14.621337
1333, 6.665000, 7.724406, -14.777287
1334, 6.670000, 7.650520, -14.931776
1335, 6.675000, 7.575861, -15.084786
1336, 6.680000, 7.500437, -15.236303
1337, 6.685000, 7.424256, -15.386312
1338, 6.690000, 7.347324, -15.534797
1339, 6.695000, 7.269650, -15.681744
1340, 6.700000, 7.191241, -15.827137
1341, 6.705000, 7.112106, -15.970961
1342, 6.710000, 7.032251, -16.113204
1343, 6.715000, 6.951685, -16.253849
1344, 6.720000, 6.870416, -16.392882
1345, 6.725000, 6.788451, -16.530291
1346, 6.730000, 6.705800, -16.666060
1347, 6.735000, 6.622469, -16.800176
1348, 6.740000, 6.538469, -16.932625
1349, 6.745000, 6.453805, -17.063394
1350, 6.750000, 6.368489, -17.192470
1351, 6.755000, 6.282526, -17.319840
1352, 6.760000, 6.195927, -17.445491
1353, 6.765000, 6.108700, -17.569409
1354, 6.770000, 6.020852, -17.691583
1355, 6.775000, 5.932395, -17.812000
1356, 6.780000, 5.843335, -17.930648
1357, 6.785000, 5.753681, -18.047515
1358, 6.790000, 5.663444, -18.162589
1359, 6.795000, 5.572631, -18.275857
1360, 6.800000, 5.481251, -18.387310
1361, 6.805000, 5.389315, -18.496935
1362, 6.810000, 5.296830, -18.604721
1363, 6.815000, 5.203807, -18.710658
1364, 6.820000, 5.110253, -18.814734
1365, 6.825000, 5.016180, -18.916939
1366, 6.830000, 4.921595, -19.017263
1367, 6.835000, 4.826509, -19.115695
1368, 6.840000, 4.730930, -19.212225
1369, 6.845000, 4.634869, -19.306843
1370, 6.850000, 4.538335, -19.399541
1371, 6.855000, 4.441337, -19.490307
1372, 6.860000, 4.343886, -19.579134
1373, 6.865000, 4.245990, -19.666012
1374, 6.870000, 4.147660, -19.750932
1375, 6.875000, 4.048905, -19.833885
1376, 6.880000, 3.949736, -19.914863
1377, 6.885000, 3.850162, -19.993858
1378, 6.890000, 3.750192, -20.070861
1379, 6.895000, 3.649838, -20.145865
1380, 6.900000, 3.549109, -20.218862
1381, 6.905000, 3.448014, -20.289844
1382, 6.910000, 3.346565, -20.358804
1383, 6.915000, 3.244771, -20.425735
1384, 6.920000, 3.142642, -20.490631
1385, 6.925000, 3.040189, -20.553484
1386, 6.930000, 2.937422, -20.614287
1387, 6.935000, 2.834350, -20.673036
1388, 6.940000, 2.730985, -20.729723
1389, 6.945000, 2.627337, -20.784343
1390, 6.950000, 2.523415, -20.836889
1391, 6.955000, 2.419230, -20.887358
1392, 6.960000, 2.314794, -20.935742
1393, 6.965000, 2.210115, -20.982038
1394, 6.970000, 2.105205, -21.026240
1395, 6.975000, 2.000074, -21.068344
1396, 6.980000, 1.894732, -21.108346
1397, 6.985000, 1.789190, -21.146241
1398, 6.990000, 1.683459, -21.182024
1399, 6.995000, 1.577549, -21.215694
1400, 7.000000, 1.471470, -21.247245
1401, 7.005000, 1.365234, -21.276674
1402, 7.010000, 1.258851, -21.303979
1403, 7.015000, 1.152331, -21.329156
1404, 7.020000, 1.045685, -21.352202
1405, 7.025000, 0.938924, -21.373116
1406, 7.030000, 0.832058, -21.391894
1407, 7.035000, 0.725099, -21.408536
1408, 7.040000, 0.618056, -21.423038
1409, 7.045000, 0.510941, -21.435399
1410, 7.050000, 0.403764, -21.445618
1411, 7.055000, 0.296536, -21.453693
1412, 7.060000, 0.189268, -21.459624
1413, 7.065000, 0.081969, -21.463409
1414, 7.070000, -0.025348, -21.465048
1415, 7.075000, -0.132673, -21.464541
1416, 7.080000, -0.239996, -21.461888
1417, 7.085000, -0.347305, -21.457088
1418, 7.090000, -0.454590, -21.450142
1419, 7.095000, -0.561841, -21.441050
1420, 7.100000, -0.669046, -21.429813
1421, 7.105000, -0.776195, -21.416432
1422, 7.110000, -0.883278, -21.400908
1423, 7.115000, -0.990282, -21.383243
1424, 7.120000, -1.097198, -21.363437
1425, 7.125000, -1.204016, -21.341493
1426, 7.130000, -1.310723, -21.317413
1427, 7.135000, -1.417310, -21.291198
1428, 7.140000, -1.523766, -21.262852
1429, 7.145000, -1.630080, -21.232377
1430, 7.150000, -1.736242, -21.199775
1431, 7.155000, -1.842241, -21.165050
1432, 7.160000, -1.948066, -21.128206
1433, 7.165000, -2.053707, -21.089244
1434, 7.170000, -2.159154, -21.048170
1435, 7.175000, -2.264394, -21.004987
1436, 7.180000, -2.369419, -20.959699
1437, 7.185000, -2.474218, -20.912311
1438, 7.190000, -2.578779, -20.862826
1439, 7.195000, -2.683094, -20.811251
1440, 7.200000, -2.787150, -20.757589
1441, 7.205000, -2.890938, -20.701846
1442, 7.210000, -2.994447, -20.644027
1443, 7.215000, -3.097667, -20.584138
1444, 7.220000, -3.200588, -20.522185
1445, 7.225000, -3.303199, -20.458173
1446, 7.230000, -3.405490, -20.392109
1447, 7.235000, -3.507450, -20.323999
1448, 7.240000, -3.609070, -20.253850
1449, 7.245000, -3.710339, -20.181669
1450, 7.250000, -3.811248, -20.107462
1451, 7.255000, -3.911785, -20.031237
1452, 7.260000, -4.011941, -19.953002
1453, 7.265000, -4.111706, -19.872763
1454, 7.270000, -4.211070, -19.790529
1455, 7.275000, -4.310023, -19.706307
1456, 7.280000, -4.408554, -19.620107
1457, 7.285000, -4.506655, -19.531936
1458, 7.290000, -4.604314, -19.441803
1459, 7.295000, -4.701524, -19.349716
1460, 7.300000, -4.798272, -19.255686
1461, 7.305000, -4.894551, -19.159720
1462, 7.310000, -4.990349, -19.061829
1463, 7.315000, -5.085658, -18.962022
1464, 7.320000, -5.180468, -18.860309
1465, 7.325000, -5.274770, -18.756700
1466, 7.330000, -5.368553, -18.651204
1467, 7.335000, -5.461809, -18.543833
1468, 7.340000, -5.554529, -18.434597
1469, 7.345000, -5.646702, -18.323507
1470, 7.350000, -5.738319, -18.210573
1471, 7.355000, -5.829372, -18.095806
1472, 7.360000, -5.919851, -17.979219
1473, 7.365000, -6.009747, -17.860822
1474, 7.370000, -6.099051, -17.740627
1475, 7.375000, -6.187754, -17.618646
1476, 7.380000, -6.275848, -17.494891
1477, 7.385000, -6.363322, -17.369374
1478, 7.390000, -6.450169, -17.242107
1479, 7.395000, -6.536379, -17.113104
1480, 7.400000, -6.621945, -16.982376
1481, 7.405000, -6.706857, -16.849937
1482, 7.410000, -6.791107, -16.715800
1483, 7.415000, -6.874686, -16.579978
1484, 7.420000, -6.957585, -16.442484
1485, 7.425000, -7.039798, -16.303333
1486, 7.430000, -7.121315, -16.162537
1487, 7.435000, -7.202127, -16.020110
1488, 7.440000, -7.282228, -15.876068
1489, 7.445000, -7.361608, -15.730423
1490, 7.450000, -7.440260, -15.583191
1491, 7.455000, -7.518176, -15.434386
1492, 7.460000, -7.595348, -15.284023
1493, 7.465000, -7.671768, -15.132116
1494, 7.470000, -7.747429, -14.978680
1495, 7.475000, -7.822322, -14.823732
1496, 7.480000, -7.896441, -14.667285
1497, 7.485000, -7.969777, -14.509356
1498, 7.490000, -8.042324, -14.349961
1499, 7.495000, -8.114074, -14.189114
1500, 7.500000, -8.185019, -14.026833
1501, 7.505000, -8.255154, -13.863132
1502, 7.510000, -8.324469, -13.698029
1503, 7.515000, -8.392959, -13.531540
1504, 7.520000, -8.460617, -13.363681
1505, 7.525000, -8.527436, -13.194468
1506, 7.530000, -8.593408, -13.023920
1507, 7.535000, -8.658527, -12.852052
1508, 7.540000, -8.722788, -12.678881
1509, 7.545000, -8.786182, -12.504425
1510, 7.550000, -8.848704, -12.328702
1511, 7.555000, -8.910348, -12.151728
1512, 7.560000, -8.971106, -11.973521
1513, 7.565000, -9.030974, -11.794098
1514, 7.570000, -9.089944, -11.613479
1515, 7.575000, -9.148012, -11.431680
1516, 7.580000, -9.205170, -11.248720
1517, 7.585000, -9.261414, -11.064616
1518, 7.590000, -9.316737, -10.879388
1519, 7.595000, -9.371134, -10.693053
1520, 7.600000, -9.424599, -10.505631
1521, 7.605000, -9.477127, -10.317139
1522, 7.610000, -9.528713, -10.127596
1523, 7.615000, -9.579351, -9.937022
1524, 7.620000, -9.629036, -9.745435
1525, 7.625000, -9.677763, -9.552854
1526, 7.630000, -9.725528, -9.359299
1527, 7.635000, -9.772324, -9.164788
1528, 7.640000, -9.818148, -8.969342
1529, 7.645000, -9.862995, -8.772979
1530, 7.650000, -9.906860, -8.575719
1531, 7.655000, -9.949738, -8.377582
1532, 7.660000, -9.991626, -8.178587
1533, 7.665000, -10.032519, -7.978755
1534, 7.670000, -10.072413, -7.778104
1535, 7.675000, -10.111303, -7.576656
1536, 7.680000, -10.149187, -7.374430
1537, 7.685000, -10.186059, -7.171446
1538, 7.690000, -10.221916, -6.967725
1539, 7.695000, -10.256755, -6.763287
1540, 7.700000, -10.290571, -6.558152
1541, 7.705000, -10.323362, -6.352340
1542, 7.710000, -10.355124, -6.145873
1543, 7.715000, -10.385853, -5.938770
1544, 7.720000, -10.415547, -5.731053
1545, 7.725000, -10.444202, -5.522742
1546, 7.730000, -10.471816, -5.313858
1547, 7.735000, -10.498385, -5.104422
1548, 7.740000, -10.523907, -4.894454
1549, 7.745000, -10.548379, -4.683976
1550, 7.750000, -10.571799, -4.473009
1551, 7.755000, -10.594164, -4.261573
1552, 7.760000, -10.615472, -4.049689
1553, 7.765000, -10.635721, -3.837380
1554, 7.770000, -10.654908, -3.624666
1555, 7.775000, -10.673031, -3.411567
1556, 7.780000, -10.690089, -3.198107
1557, 7.785000, -10.706079, -2.984305
1558, 7.790000, -10.721001, -2.770183
1559, 7.795000, -10.734852, -2.555763
1560, 7.800000, -10.747630, -2.341066
1561, 7.805000, -10.759336, -2.126114
1562, 7.810000, -10.769966, -1.910927
1563, 7.815000, -10.779521, -1.695528
1564, 7.820000, -10.787999, -1.479937
1565, 7.825000, -10.795398, -1.264177
1566, 7.830000, -10.801719, -1.048269
1567, 7.835000, -10.806961, -0.832235
1568, 7.840000, -10.811122, -0.616096
1569, 7.845000, -10.814202, -0.399873
1570, 7.850000, -10.816202, -0.183589
1571, 7.855000, -10.817120, 0.032735
1572, 7.860000, -10.816956, 0.249077
1573, 7.865000, -10.815710, 0.465416
1574, 7.870000, -10.813383, 0.681730
1575, 7.875000, -10.809975, 0.897998
1576, 7.880000, -10.805485, 1.114198
1577, 7.885000, -10.799914, 1.330307
1578, 7.890000, -10.793262, 1.546306
1579, 7.895000, -10.785531, 1.762171
1580, 7.900000, -10.776720, 1.977881
1581, 7.905000, -10.766830, 2.193416
1582, 7.910000, -10.755863, 2.408752
1583, 7.915000, -10.743820, 2.623870
1584, 7.920000, -10.730700, 2.838746
1585, 7.925000, -10.716507, 3.053360
1586, 7.930000, -10.701240, 3.267690
1587, 7.935000, -10.684901, 3.481715
1588, 7.940000, -10.667493, 3.695413
1589, 7.945000, -10.649016, 3.908763
1590, 7.950000, -10.629472, 4.121743
1591, 7.955000, -10.608863, 4.334333
1592, 7.960000, -10.587191, 4.546510
1593, 7.965000, -10.564459, 4.758254
1594, 7.970000, -10.540668, 4.969543
1595, 7.975000, -10.515820, 5.180356
1596, 7.980000, -10.489918, 5.390673
1597, 7.985000, -10.462965, 5.600471
1598, 7.990000, -10.434962, 5.809730
1599, 7.995000, -10.405914, 6.018430
1600, 8.000000, -10.375822, 6.226548
1601, 8.005000, -10.344689, 6.434064
1602, 8.010000, -10.312519, 6.640958
1603, 8.015000, -10.279314, 6.847208
1604, 8.020000, -10.245078, 7.052795
1605, 8.025000, -10.209814, 7.257696
1606, 8.030000, -10.173525, 7.461893
1607, 8.035000, -10.136216, 7.665363
1608, 8.040000, -10.097889, 7.868087
1609, 8.045000, -10.058549, 8.070045
1610, 8.050000, -10.018198, 8.271216
1611, 8.055000, -9.976842, 8.471580
1612, 8.060000, -9.934484, 8.671117
1613, 8.065000, -9.891129, 8.869807
1614, 8.070000, -9.846780, 9.067629
1615, 8.075000, -9.801442, 9.264565
1616, 8.080000, -9.755119, 9.460594
1617, 8.085000, -9.707816, 9.655696
1618, 8.090000, -9.659537, 9.849852
1619, 8.095000, -9.610288, 10.043043
1620, 8.100000, -9.560073, 10.235249
1621, 8.105000, -9.508897, 10.426450
1622, 8.110000, -9.456764, 10.616628
1623, 8.115000, -9.403681, 10.805763
1624, 8.120000, -9.349652, 10.993837
1625, 8.125000, -9.294683, 11.180830
1626, 8.130000, -9.238779, 11.366724
1627, 8.135000, -9.181945, 11.551499
1628, 8.140000, -9.124188, 11.735138
1629, 8.145000, -9.065512, 11.917622
1630, 8.150000, -9.005924, 12.098932
1631, 8.155000, -8.945429, 12.279051
1632, 8.160000, -8.884034, 12.457959
1633, 8.165000, -8.821744, 12.635640
1634, 8.170000, -8.758566, 12.812075
1635, 8.175000, -8.694506, 12.987246
1636, 8.180000, -8.629570, 13.161136
1637, 8.185000, -8.563764, 13.333728
1638, 8.190000, -8.497095, 13.505003
1639, 8.195000, -8.429570, 13.674945
1640, 8.200000, -8.361196, 13.843536
1641, 8.205000, -8.291978, 14.010760
1642, 8.210000, -8.221924, 14.176600
1643, 8.215000, -8.151041, 14.341038
1644, 8.220000, -8.079336, 14.504059
1645, 8.225000, -8.006816, 14.665646
1646, 8.230000, -7.933487, 14.825782
1647, 8.235000, -7.859358, 14.984452
1648, 8.240000, -7.784436, 15.141639
1649, 8.245000, -7.708728, 15.297328
1650, 8.250000, -7.632241, 15.451502
1651, 8.255000, -7.554984, 15.604147
1652, 8.260000, -7.476963, 15.755247
1653, 8.265000, -7.398187, 15.904786
1654, 8.270000, -7.318663, 16.052750
1655, 8.275000, -7.238399, 16.199123
1656, 8.280000, -7.157404, 16.343891
1657, 8.285000, -7.075684, 16.487039
1658, 8.290000, -6.993249, 16.628553
1659, 8.295000, -6.910106, 16.768418
1660, 8.300000, -6.826264, 16.906620
1661, 8.305000, -6.741731, 17.043145
1662, 8.310000, -6.656515, 17.177980
1663, 8.315000, -6.570625, 17.311110
1664, 8.320000, -6.484070, 17.442523
1665, 8.325000, -6.396857, 17.572204
1666, 8.330000, -6.308996, 17.700141
1667, 8.335000, -6.220495, 17.826321
1668, 8.340000, -6.131364, 17.950731
1669, 8.345000, -6.041610, 18.073358
1670, 8.350000, -5.951243, 18.194191
1671, 8.355000, -5.860272, 18.313215
1672, 8.360000, -5.768706, 18.430421
1673, 8.365000, -5.676554, 18.545795
1674, 8.370000, -5.583825, 18.659326
1675, 8.375000, -5.490529, 18.771003
1676, 8.380000, -5.396674, 18.880813
1677, 8.385000, -5.302270, 18.988747
1678, 8.390000, -5.207326, 19.094792
1679, 8.395000, -5.111852, 19.198939
1680, 8.400000, -5.015857, 19.301176
1681, 8.405000, -4.919351, 19.401493
1682, 8.410000, -4.822344, 19.499880
1683, 8.415000, -4.724844, 19.596327
1684, 8.420000, -4.626863, 19.690823
1685, 8.425000, -4.528409, 19.783361
1686, 8.430000, -4.429492, 19.873929
1687, 8.435000, -4.330122, 19.962519
1688, 8.440000, -4.230310, 20.049121
1689, 8.445000, -4.130064, 20.133727
1690, 8.450000, -4.029395, 20.216329
1691, 8.455000, -3.928314, 20.296917
1692, 8.460000, -3.826829, 20.375483
1693, 8.465000, -3.724952, 20.452019
1694, 8.470000, -3.622692, 20.526518
1695, 8.475000, -3.520059, 20.598972
1696, 8.480000, -3.417064, 20.669373
1697, 8.485000, -3.313717, 20.737715
1698, 8.490000, -3.210029, 20.803989
1699, 8.495000, -3.106009, 20.868190
1700, 8.500000, -3.001668, 20.930310
1701, 8.505000, -2.897016, 20.990343
1702, 8.510000, -2.792065, 21.048284
1703, 8.515000, -2.686823, 21.104125
1704, 8.520000, -2.581303, 21.157861
1705, 8.525000, -2.475513, 21.209487
1706, 8.530000, -2.369466, 21.258998
1707, 8.535000, -2.263171, 21.306387
1708, 8.540000, -2.156639, 21.351650
1709, 8.545000, -2.049881, 21.394783
1710, 8.550000, -1.942907, 21.435781
1711, 8.555000, -1.835728, 21.474639
1712, 8.560000, -1.728355, 21.511353
1713, 8.565000, -1.620798, 21.545921
1714, 8.570000, -1.513068, 21.578336
1715, 8.575000, -1.405177, 21.608598
1716, 8.580000, -1.297134, 21.636701
1717, 8.585000, -1.188950, 21.662644
1718, 8.590000, -1.080637, 21.686423
1719, 8.595000, -0.972205, 21.708036
1720, 8.600000, -0.863665, 21.727480
1721, 8.605000, -0.755027, 21.744753
1722, 8.610000, -0.646303, 21.759854
1723, 8.615000, -0.537504, 21.772780
1724, 8.620000, -0.428640, 21.783530
1725, 8.625000, -0.319723, 21.792103
1726, 8.630000, -0.210762, 21.798497
1727, 8.635000, -0.101770, 21.802712
1728, 8.640000, 0.007244, 21.804748
1729, 8.645000, 0.116268, 21.804603
1730, 8.650000, 0.225291, 21.802278
1731, 8.655000, 0.334302, 21.797772
1732, 8.660000, 0.443291, 21.791086
1733, 8.665000, 0.552246, 21.782220
1734, 8.670000, 0.661157, 21.771175
1735, 8.675000, 0.770013, 21.757952
1736, 8.680000, 0.878803, 21.742552
1737, 8.685000, 0.987516, 21.724975
1738, 8.690000, 1.096141, 21.705225
1739, 8.695000, 1.204667, 21.683302
1740, 8.700000, 1.313083, 21.659209
1741, 8.705000, 1.421379, 21.632947
1742, 8.710000, 1.529544, 21.604520
1743, 8.715000, 1.637567, 21.573929
1744, 8.720000, 1.745436, 21.541177
1745, 8.725000, 1.853142, 21.506269
1746, 8.730000, 1.960674, 21.469206
1747, 8.735000, 2.068020, 21.429992
1748, 8.740000, 2.175170, 21.388632
1749, 8.745000, 2.282113, 21.345129
1750, 8.750000, 2.388838, 21.299486
1751, 8.755000, 2.495336, 21.251710
1752, 8.760000, 2.601594, 21.201803
1753, 8.765000, 2.707603, 21.149771
1754, 8.770000, 2.813352, 21.095619
1755, 8.775000, 2.918830, 21.039352
1756, 8.780000, 3.024027, 20.980975
1757, 8.785000, 3.128932, 20.920495
1758, 8.790000, 3.233535, 20.857916
1759, 8.795000, 3.337824, 20.793245
1760, 8.800000, 3.441790, 20.726489
1761, 8.805000, 3.545423, 20.657653
1762, 8.810000, 3.648711, 20.586745
1763, 8.815000, 3.751645, 20.513770
1764, 8.820000, 3.854214, 20.438738
1765, 8.825000, 3.956407, 20.361653
1766, 8.830000, 4.058216, 20.282525
1767, 8.835000, 4.159628, 20.201361
1768, 8.840000, 4.260635, 20.118168
1769, 8.845000, 4.361226, 20.032956
1770, 8.850000, 4.461391, 19.945731
1771, 8.855000, 4.561119, 19.856503
1772, 8.860000, 4.660402, 19.765281
1773, 8.865000, 4.759228, 19.672073
1774, 8.870000, 4.857589, 19.576888
1775, 8.875000, 4.955473, 19.479736
1776, 8.880000, 5.052872, 19.380627
1777, 8.885000, 5.149775, 19.279570
1778, 8.890000, 5.246173, 19.176574
1779, 8.895000, 5.342056, 19.071651
1780, 8.900000, 5.437414, 18.964810
1781, 8.905000, 5.532238, 18.856061
1782, 8.910000, 5.626518, 18.745417
1783, 8.915000, 5.720245, 18.632886
1784, 8.920000, 5.813410, 18.518481
1785, 8.925000, 5.906002, 18.402213
1786, 8.930000, 5.998013, 18.284093
1787, 8.935000, 6.089434, 18.164133
1788, 8.940000, 6.180254, 18.042344
1789, 8.945000, 6.270466, 17.918739
1790, 8.950000, 6.360060, 17.793330
1791, 8.955000, 6.449026, 17.666128
1792, 8.960000, 6.537357, 17.537148
1793, 8.965000, 6.625043, 17.406401
1794, 8.970000, 6.712075, 17.273900
1795, 8.975000, 6.798444, 17.139658
1796, 8.980000, 6.884142, 17.003690
1797, 8.985000, 6.969161, 16.866007
1798, 8.990000, 7.053491, 16.726624
1799, 8.995000, 7.137124, 16.585554
1800, 9.000000, 7.220052, 16.442811
1801, 9.005000, 7.302266, 16.298410
1802, 9.010000, 7.383758, 16.152365
1803, 9.015000, 7.464520, 16.004690
1804, 9.020000, 7.544543, 15.855399
1805, 9.025000, 7.623820, 15.704508
1806, 9.030000, 7.702343, 15.552032
1807, 9.035000, 7.780103, 15.397985
1808, 9.040000, 7.857093, 15.242383
1809, 9.045000, 7.933305, 15.085241
1810, 9.050000, 8.008731, 14.926575
1811, 9.055000, 8.083364, 14.766401
1812, 9.060000, 8.157196, 14.604733
1813, 9.065000, 8.230220, 14.441589
1814, 9.070000, 8.302427, 14.276985
1815, 9.075000, 8.373812, 14.110936
1816, 9.080000, 8.444367, 13.943460
1817, 9.085000, 8.514084, 13.774573
1818, 9.090000, 8.582957, 13.604291
1819, 9.095000, 8.650979, 13.432632
1820, 9.100000, 8.718142, 13.259612
1821, 9.105000, 8.784440, 13.085250
1822, 9.110000, 8.849866, 12.909561
1823, 9.115000, 8.914414, 12.732563
1824, 9.120000, 8.978077, 12.554275
1825, 9.125000, 9.040848, 12.374714
1826, 9.130000, 9.102722, 12.193897
1827, 9.135000, 9.163691, 12.011842
1828, 9.140000, 9.223750, 11.828568
1829, 9.145000, 9.282893, 11.644093
1830, 9.150000, 9.341114, 11.458436
1831, 9.155000, 9.398406, 11.271613
1832, 9.160000, 9.454764, 11.083645
1833, 9.165000, 9.510182, 10.894550
1834, 9.170000, 9.564655, 10.704346
1835, 9.175000, 9.618177, 10.513053
1836, 9.180000, 9.670742, 10.320690
1837, 9.185000, 9.722345, 10.127275
1838, 9.190000, 9.772982, 9.932828
1839, 9.195000, 9.822646, 9.737368
1840, 9.200000, 9.871333, 9.540915
1841, 9.205000, 9.919037, 9.343489
1842, 9.210000, 9.965755, 9.145108
1843, 9.215000, 10.011480, 8.945793
1844, 9.220000, 10.056209, 8.745563
1845, 9.225000, 10.099937, 8.544439
1846, 9.230000, 10.142659, 8.342440
1847, 9.235000, 10.184371, 8.139587
1848, 9.240000, 10.225069, 7.935900
1849, 9.245000, 10.264749, 7.731398
1850, 9.250000, 10.303406, 7.526103
1851, 9.255000, 10.341036, 7.320035
1852, 9.260000, 10.377637, 7.113214
1853, 9.265000, 10.413203, 6.905662
1854, 9.270000, 10.447731, 6.697398
1855, 9.275000, 10.481218, 6.488443
1856, 9.280000, 10.513660, 6.278819
1857, 9.285000, 10.545054, 6.068545
1858, 9.290000, 10.575397, 5.857644
1859, 9.295000, 10.604685, 5.646136
1860, 9.300000, 10.632916, 5.434043
1861, 9.305000, 10.660086, 5.221384
1862, 9.310000, 10.686193, 5.008183
1863, 9.315000, 10.711234, 4.794459
1864, 9.320000, 10.735206, 4.580234
1865, 9.325000, 10.758107, 4.365530
1866, 9.330000, 10.779935, 4.150368
1867, 9.335000, 10.800687, 3.934769
1868, 9.340000, 10.820361, 3.718755
1869, 9.345000, 10.838955, 3.502348
1870, 9.350000, 10.856466, 3.285569
1871, 9.355000, 10.872894, 3.068440
1872, 9.360000, 10.888236, 2.850982
1873, 9.365000, 10.902491, 2.633217
1874, 9.370000, 10.915657, 2.415167
1875, 9.375000, 10.927733, 2.196854
1876, 9.380000, 10.938717, 1.978300
1877, 9.385000, 10.948609, 1.759525
1878, 9.390000, 10.957407, 1.540553
1879, 9.395000, 10.965109, 1.321405
1880, 9.400000, 10.971716, 1.102103
1881, 9.405000, 10.977227, 0.882668
1882, 9.410000, 10.981640, 0.663124
1883, 9.415000, 10.984956, 0.443491
1884, 9.420000, 10.987173, 0.223792
1885, 9.425000, 10.988292, 0.004048
1886, 9.430000, 10.988312, -0.215717
1887, 9.435000, 10.987234, -0.435484
1888, 9.440000, 10.985056, -0.655228
1889, 9.445000, 10.981780, -0.874929
1890, 9.450000, 10.977406, -1.094565
1891, 9.455000, 10.971933, -1.314113
1892, 9.460000, 10.965362, -1.533552
1893, 9.465000, 10.957695, -1.752859
1894, 9.470000, 10.948930, -1.972013
1895, 9.475000, 10.939070, -2.190992
1896, 9.480000, 10.928115, -2.409773
1897, 9.485000, 10.916066, -2.628335
1898, 9.490000, 10.902925, -2.846657
1899, 9.495000, 10.888691, -3.064715
1900, 9.500000, 10.873368, -3.282489
1901, 9.505000, 10.856955, -3.499956
1902, 9.510000, 10.839456, -3.717095
1903, 9.515000, 10.820870, -3.933884
1904, 9.520000, 10.801201, -4.150302
1905, 9.525000, 10.780449, -4.366326
1906, 9.530000, 10.758618, -4.581935
1907, 9.535000, 10.735708, -4.797107
1908, 9.540000, 10.711722, -5.011821
1909, 9.545000, 10.686663, -5.226056
1910, 9.550000, 10.660533, -5.439789
1911, 9.555000, 10.633334, -5.653000
1912, 9.560000, 10.605069, -5.865666
1913, 9.565000, 10.575741, -6.077768
1914, 9.570000, 10.545352, -6.289283
1915, 9.575000, 10.513905, -6.500190
1916, 9.580000, 10.481404, -6.710468
1917, 9.585000, 10.447852, -6.920096
1918, 9.590000, 10.413252, -7.129053
1919, 9.595000, 10.377606, -7.337318
1920, 9.600000, 10.340920, -7.544870
1921, 9.605000, 10.303195, -7.751688
1922, 9.610000, 10.264437, -7.957752
1923, 9.615000, 10.224648, -8.163041
1924, 9.620000, 10.183833, -8.367534
1925, 9.625000, 10.141995, -8.571211
1926, 9.630000, 10.099139, -8.774051
1927, 9.635000, 10.055269, -8.976033
1928, 9.640000, 10.010389, -9.177139
1929, 9.645000, 9.964503, -9.377347
1930, 9.650000, 9.917616, -9.576637
1931, 9.655000, 9.869733, -9.774989
1932, 9.660000, 9.820858, -9.972384
1933, 9.665000, 9.770996, -10.168801
1934, 9.670000, 9.720152, -10.364221
1935, 9.675000, 9.668331, -10.558624
1936, 9.680000, 9.615538, -10.751990
1937, 9.685000, 9.561778, -10.944301
1938, 9.690000, 9.507057, -11.135537
1939, 9.695000, 9.451379, -11.325678
1940, 9.700000, 9.394751, -11.514705
1941, 9.705000, 9.337177, -11.702600
1942, 9.710000, 9.278664, -11.889344
1943, 9.715000, 9.219217, -12.074917
1944, 9.720000, 9.158843, -12.259302
1945, 9.725000, 9.097546, -12.442479
1946, 9.730000, 9.035334, -12.624429
1947, 9.735000, 8.972212, -12.805136
1948, 9.740000, 8.908186, -12.984580
1949, 9.745000, 8.843263, -13.162744
1950, 9.750000, 8.777449, -13.339609
1951, 9.755000, 8.710751, -13.515158
1952, 9.760000, 8.643176, -13.689373
1953, 9.765000, 8.574729, -13.862237
1954, 9.770000, 8.505418, -14.033731
1955, 9.775000, 8.435249, -14.203840
1956, 9.780000, 8.364230, -14.372545
1957, 9.785000, 8.292367, -14.539829
1958, 9.790000, 8.219668, -14.705677
1959, 9.795000, 8.146139, -14.870070
1960, 9.800000, 8.071789, -15.032993
1961, 9.805000, 7.996624, -15.194429
1962, 9.810000, 7.920652, -15.354361
1963, 9.815000, 7.843880, -15.512774
1964, 9.820000, 7.766316, -15.669652
1965, 9.825000, 7.687968, -15.824978
1966, 9.830000, 7.608843, -15.978737
1967, 9.835000, 7.528950, -16.130914
1968, 9.840000, 7.448295, -16.281493
1969, 9.845000, 7.366887, -16.430459
1970, 9.850000, 7.284735, -16.577797
1971, 9.855000, 7.201846, -16.723492
1972, 9.860000, 7.118229, -16.867529
1973, 9.865000, 7.033891, -17.009893
1974, 9.870000, 6.948842, -17.150571
1975, 9.875000, 6.863089, -17.289548
1976, 9.880000, 6.776641, -17.426810
1977, 9.885000, 6.689507, -17.562342
1978, 9.890000, 6.601695, -17.696133
1979, 9.895000, 6.513215, -17.828166
1980, 9.900000, 6.424074, -17.958431
1981, 9.905000, 6.334282, -18.086912
1982, 9.910000, 6.243847, -18.213598
1983, 9.915000, 6.152779, -18.338475
1984, 9.920000, 6.061087, -18.461530
1985, 9.925000, 5.968779, -18.582752
1986, 9.930000, 5.875865, -18.702128
1987, 9.935000, 5.782355, -18.819645
1988, 9.940000, 5.688256, -18.935292
1989, 9.945000, 5.593580, -19.049057
1990, 9.950000, 5.498335, -19.160929
1991, 9.955000, 5.402530, -19.270896
1992, 9.960000, 5.306176, -19.378946
1993, 9.965000, 5.209281, -19.485070
1994, 9.970000, 5.111855, -19.589255
1995, 9.975000, 5.013909, -19.691492
1996, 9.980000, 4.915452, -19.791771
1997, 9.985000, 4.816493, -19.890080
1998, 9.990000, 4.717042, -19.986409
1999, 9.995000, 4.617110, -20.080750
2000, 10.000000, 4.516707, -20.173092
